date, pm25, pm10, o3, no2, so2, co
2024/3/2, 44, , , 7, , 1
2024/3/3, 29, , , , , 
2024/2/2, 35, , , 30, 1, 6
2024/2/3, 48, , , 7, , 2
2024/2/4, 14, , , 5, , 2
2024/2/5, 18, , , 17, 3, 3
2024/2/6, 45, , , 13, , 3
2024/2/7, 66, , , 11, , 3
2024/2/8, 66, , , 15, , 4
2024/2/9, 71, , , 17, , 3
2024/2/10, 39, , , 32, , 5
2024/2/11, 40, , , 18, , 4
2024/2/12, 23, , , 25, 1, 4
2024/2/13, 29, , , 10, , 3
2024/2/14, 15, , , 16, , 4
2024/2/15, 22, , , 21, , 4
2024/2/16, 53, , , 24, 2, 4
2024/2/17, 33, , , 25, 1, 5
2024/2/18, 31, , , 18, 1, 5
2024/2/19, 29, , , 28, , 6
2024/2/20, 43, , , 32, , 7
2024/2/21, 52, , , 23, 1, 5
2024/2/22, 49, , , 20, , 5
2024/2/23, 32, , , 7, , 3
2024/2/24, 10, , , 8, , 4
2024/2/25, 13, , , 5, , 4
2024/2/26, 14, , , 4, , 4
2024/2/27, 17, , , 7, , 4
2024/2/28, 25, , , 21, 1, 4
2024/2/29, 48, , , 8, , 1
2024/3/1, 17, , , 7, , 1
2024/1/2, 35, , , 19, 1, 7
2024/1/3, 61, , , 13, , 5
2024/1/4, 79, , , 26, , 8
2024/1/5, 61, , , 23, , 7
2024/1/6, 37, , , 24, , 8
2024/1/7, 63, , , 10, , 6
2024/1/8, 51, , , 33, 1, 10
2024/1/9, 62, , , 22, 1, 8
2024/1/10, 60, , , 9, , 6
2024/1/11, 41, , , 5, , 6
2024/1/12, 25, , , 14, 1, 6
2024/1/13, 43, , , 30, , 7
2024/1/14, 55, , , 33, , 8
2024/1/15, 80, , , 36, 1, 9
2024/1/16, 51, , , 22, 1, 7
2024/1/17, 28, , , 11, , 7
2024/1/18, 50, , , 21, 1, 6
2024/1/19, 94, , , 29, , 3
2024/1/20, 77, , , 34, , 3
2024/1/21, 103, , , 19, 1, 2
2024/1/22, 137, , , 16, , 1
2024/1/23, 104, , , 40, 1, 8
2024/1/24, 79, , , 50, 1, 10
2024/1/25, 60, , , 33, , 3
2024/1/26, 22, , , 42, , 6
2024/1/27, 44, , , 27, 1, 5
2024/1/28, 34, , , 30, 1, 5
2024/1/29, 52, , , 45, 1, 12
2024/1/30, 57, , , 33, 1, 4
2024/1/31, 29, , , 32, 1, 5
2024/2/1, 37, , , 29, 1, 4
2023/10/2, 39, , , 7, , 3
2023/10/3, 25, , , 12, 1, 2
2023/10/4, 21, , , 12, , 2
2023/10/5, 15, , , 10, , 3
2023/10/6, 19, , , 17, 1, 3
2023/10/7, 27, , , 12, 1, 3
2023/10/8, 21, , , 15, , 3
2023/10/9, 28, , , 17, 1, 4
2023/10/10, 44, , , 16, , 3
2023/10/11, 35, , , 13, , 2
2023/10/12, 19, , , 5, , 1
2023/10/13, 26, , , 6, , 1
2023/10/14, 36, , , 7, , 2
2023/10/15, 31, , , 13, , 3
2023/10/16, 21, , , 26, , 5
2023/10/17, 42, , , 12, , 2
2023/10/18, 11, , , 18, 1, 2
2023/10/19, 16, , , 16, 1, 3
2023/10/20, 23, , , 15, 1, 3
2023/10/21, 24, , , 10, , 3
2023/10/22, 26, , , 4, , 3
2023/10/23, 28, , , 4, , 3
2023/10/24, 27, , , 6, , 3
2023/10/25, 19, , , 20, , 3
2023/10/26, 47, , , 13, , 3
2023/10/27, 33, , , 12, 1, 3
2023/10/28, 17, , , 13, , 3
2023/10/29, 14, , , 22, 1, 4
2023/10/30, 36, , , 18, 1, 4
2023/10/31, 45, , , 24, 1, 5
2023/11/1, 64, , , 34, 1, 8
2023/11/2, 91, , , 21, 1, 5
2023/11/3, 65, , , 26, 1, 6
2023/11/4, 88, , , 27, , 8
2023/11/5, 74, , , 20, , 5
2023/11/6, 34, , , 25, 1, 6
2023/11/7, 52, , , 17, 1, 5
2023/11/8, 41, , , 27, , 6
2023/11/9, 41, , , 27, , 5
2023/11/10, 54, , , 14, , 1
2023/11/11, 38, , , 6, , 1
2023/11/12, 15, , , 14, , 1
2023/11/13, 19, , , 16, , 2
2023/11/14, 27, , , 23, , 2
2023/11/15, 35, , , 23, 1, 3
2023/11/16, 44, , , 29, , 4
2023/11/17, 52, , , 21, , 2
2023/11/18, 24, , , 22, 1, 3
2023/11/19, 46, , , 19, , 3
2023/11/20, 33, , , 19, , 2
2023/11/21, 33, , , 31, 1, 4
2023/11/22, 49, , , 18, , 3
2023/11/23, 48, , , 16, , 3
2023/11/24, 52, , , 22, 1, 3
2023/11/25, 43, , , 11, 1, 3
2023/11/26, 21, , , 18, 1, 3
2023/11/27, 32, , , 22, 1, 4
2023/11/28, 36, , , 22, 1, 4
2023/11/29, 35, , , 13, 1, 3
2023/11/30, 26, , , 14, , 3
2023/12/1, 42, , , 28, , 6
2023/12/2, 66, , , 21, 1, 2
2023/12/3, 35, , , 20, 1, 2
2023/12/4, 27, , , 20, , 2
2023/12/5, 30, , , 29, 1, 4
2023/12/6, 39, , , 17, , 3
2023/12/7, 33, , , 7, , 2
2023/12/8, 27, , , 17, , 3
2023/12/9, 52, , , 33, , 4
2023/12/10, 42, , , 13, , 2
2023/12/11, 10, , , 16, , 3
2023/12/12, 29, , , 31, 1, 5
2023/12/13, 46, , , 52, 1, 12
2023/12/14, 92, , , 22, 1, 5
2023/12/15, 37, , , 23, , 5
2023/12/16, 63, , , 20, , 4
2023/12/17, 37, , , 14, , 3
2023/12/18, 33, , , 37, 1, 8
2023/12/19, 53, , , 19, , 4
2023/12/20, 66, , , 32, , 7
2023/12/21, 63, , , 30, , 8
2023/12/22, 48, , , 28, , 7
2023/12/23, 49, , , 21, , 5
2023/12/24, 18, , , 33, , 6
2023/12/25, 48, , , 32, 1, 7
2023/12/26, 70, , , 24, , 5
2023/12/27, 33, , , 35, 1, 9
2023/12/28, 60, , , 29, 1, 6
2023/12/29, 38, , , 36, 1, 8
2023/12/30, 57, , , 29, , 9
2023/12/31, 72, , , 19, 1, 6
2024/1/1, 36, , , 18, 1, 6
2023/7/2, 36, , , 3, , 1
2023/7/3, 15, , , 6, 1, 1
2023/7/4, 38, , , 7, 1, 1
2023/7/5, 36, , , 9, 1, 1
2023/7/6, 33, , , 13, 1, 2
2023/7/7, 60, , , 8, 1, 2
2023/7/8, 52, , , 7, 1, 2
2023/7/9, 54, , , 10, 2, 2
2023/7/10, 72, , , 10, , 2
2023/7/11, 119, , , 6, , 1
2023/7/12, 57, , , 7, 1, 2
2023/7/13, 59, , , 8, 1, 4
2023/7/14, 135, , , 6, 1, 4
2023/7/15, 121, , , 9, 1, 4
2023/7/16, 137, , , 6, , 4
2023/7/17, 126, , , 8, , 3
2023/7/18, 105, , , 8, , 1
2023/7/19, 28, , , 7, 1, 1
2023/7/20, 60, , , 9, , 2
2023/7/21, 63, , , 10, 1, 2
2023/7/22, 56, , , 7, 1, 1
2023/7/23, 44, , , 5, , 2
2023/7/24, 87, , , 7, , 2
2023/7/25, 65, , , 6, , 1
2023/7/26, 52, , , 5, , 
2023/7/27, 18, , , 5, , 1
2023/7/28, 18, , , 4, , 1
2023/7/29, 18, , , 4, , 1
2023/7/30, 20, , , 3, , 
2023/7/31, 35, , , 6, 1, 1
2023/8/1, 39, , , 7, 1, 1
2023/8/2, 50, , , 10, , 2
2023/8/3, 45, , , 4, , 1
2023/8/4, 66, , , 5, , 1
2023/8/5, 59, , , 7, 2, 1
2023/8/6, 49, , , 7, 1, 1
2023/8/7, 59, , , 7, 1, 2
2023/8/8, 61, , , 9, , 2
2023/8/9, 81, , , 8, , 26
2023/8/10, 62, , , 10, 1, 1
2023/8/11, 28, , , 5, 1, 1
2023/8/12, 18, , , 8, , 1
2023/8/13, 21, , , 7, 4, 1
2023/8/14, 24, , , 9, 2, 1
2023/8/15, 33, , , 8, 1, 1
2023/8/16, 55, , , 7, , 2
2023/8/17, 77, , , 11, 1, 3
2023/8/18, 114, , , 5, , 2
2023/8/19, 63, , , 5, , 2
2023/8/20, 52, , , 8, , 3
2023/8/21, 97, , , 10, , 3
2023/8/22, 63, , , 5, , 2
2023/8/23, 41, , , 4, , 2
2023/8/24, 44, , , 11, , 3
2023/8/25, 61, , , 9, , 3
2023/8/26, 62, , , 6, 3, 2
2023/8/27, 60, , , 9, 1, 3
2023/8/28, 68, , , 12, 4, 3
2023/8/29, 74, , , 12, 2, 2
2023/8/30, 72, , , 11, , 2
2023/8/31, 74, , , 6, 1, 4
2023/9/1, 104, , , 7, 1, 2
2023/9/2, 75, , , 11, , 2
2023/9/3, 41, , , 16, , 4
2023/9/4, 123, , , 7, , 7
2023/9/5, 194, , , 5, , 5
2023/9/6, 144, , , 10, , 2
2023/9/7, 59, , , 9, , 1
2023/9/8, 34, , , 13, , 2
2023/9/9, 41, , , 11, , 1
2023/9/10, 42, , , 7, , 1
2023/9/11, 37, , , 14, , 1
2023/9/12, 43, , , 12, , 1
2023/9/13, 37, , , 9, 1, 2
2023/9/14, 33, , , 10, 1, 1
2023/9/15, 37, , , 18, , 2
2023/9/16, 55, , , 15, , 2
2023/9/17, 42, , , 15, , 2
2023/9/18, 59, , , 13, , 2
2023/9/19, 72, , , 14, , 2
2023/9/20, 37, , , 3, , 1
2023/9/21, 23, , , 10, 1, 2
2023/9/22, 48, , , 13, , 2
2023/9/23, 59, , , 8, , 1
2023/9/24, 35, , , 10, , 2
2023/9/25, 37, , , 14, , 2
2023/9/26, 48, , , 6, , 1
2023/9/27, 31, , , 11, , 2
2023/9/28, 15, , , 10, , 2
2023/9/29, 14, , , 12, 1, 2
2023/9/30, 19, , , 3, , 5
2023/10/1, 64, , , 4, , 3
2023/4/2, 11, , , 3, , 2
2023/4/3, 7, , , 10, , 3
2023/4/4, 35, , , 11, , 3
2023/4/5, 44, , , 11, 1, 3
2023/4/6, 30, , , 18, , 4
2023/4/7, 45, , , 15, , 3
2023/4/8, 27, , , 13, 1, 3
2023/4/9, 11, , , 13, , 3
2023/4/10, 12, , , 6, 1, 3
2023/4/11, 11, , , 4, , 3
2023/4/12, 14, , , 9, , 3
2023/4/13, 23, , , 13, 1, 3
2023/4/14, 29, , , 16, 1, 4
2023/4/15, 31, , , 15, , 4
2023/4/16, 28, , , 9, , 3
2023/4/17, 22, , , 6, , 3
2023/4/18, 25, , , 16, 1, 3
2023/4/19, 29, , , 6, , 1
2023/4/20, 20, , , 5, , 1
2023/4/21, 22, , , 5, , 1
2023/4/22, 30, , , 5, , 1
2023/4/23, 24, , , 9, , 1
2023/4/24, 18, , , 14, 1, 2
2023/4/25, 21, , , 11, , 1
2023/4/26, 24, , , 11, , 1
2023/4/27, 27, , , 4, , 1
2023/4/28, 10, , , 11, 1, 2
2023/4/29, 30, , , 11, , 2
2023/4/30, 35, , , 5, , 1
2023/5/1, 27, , , 9, , 2
2023/5/2, 46, , , 11, 1, 2
2023/5/3, 52, , , 15, 1, 2
2023/5/4, 55, , , 14, 1, 2
2023/5/5, 42, , , 9, , 1
2023/5/6, 32, , , 5, , 1
2023/5/7, 29, , , 5, , 1
2023/5/8, 25, , , 10, , 1
2023/5/9, 27, , , 7, , 2
2023/5/10, 34, , , 8, 1, 2
2023/5/11, 37, , , 11, 1, 2
2023/5/12, 32, , , 8, 1, 2
2023/5/13, 23, , , 10, , 2
2023/5/14, 42, , , 4, , 1
2023/5/15, 38, , , 9, , 2
2023/5/16, 91, , , 10, 1, 11
2023/5/17, 176, , , 9, 1, 9
2023/5/18, 193, , , 13, 1, 4
2023/5/19, 99, , , 11, 1, 2
2023/5/20, 83, , , 12, 1, 8
2023/5/21, 171, , , 7, 1, 4
2023/5/22, 97, , , 5, , 5
2023/5/23, 98, , , 7, , 1
2023/5/24, 8, , , 5, 1, 3
2023/5/25, 25, , , 5, , 3
2023/5/26, 62, , , 10, 1, 3
2023/5/27, 77, , , 11, , 3
2023/5/28, 56, , , 6, 1, 2
2023/5/29, 33, , , 7, , 2
2023/5/30, 31, , , 6, 1, 2
2023/5/31, 63, , , 6, , 2
2023/6/1, 70, , , 3, , 1
2023/6/2, 27, , , 6, 1, 2
2023/6/3, 42, , , 11, , 3
2023/6/4, 72, , , 6, , 2
2023/6/5, 56, , , 5, 1, 2
2023/6/6, 52, , , 3, , 1
2023/6/7, 49, , , 10, 1, 1
2023/6/8, 60, , , 13, 1, 1
2023/6/9, 54, , , 9, , 2
2023/6/10, 67, , , 7, , 2
2023/6/11, 49, , , 4, , 5
2023/6/12, 99, , , 5, , 1
2023/6/13, 60, , , 10, 1, 1
2023/6/14, 52, , , 3, , 4
2023/6/15, 24, , , 3, , 5
2023/6/16, 129, , , 5, , 3
2023/6/17, 82, , , 1, , 1
2023/6/18, 18, , , , , 1
2023/6/19, 11, , , , , 1
2023/6/20, 6, , , 4, , 1
2023/6/21, 13, , , 7, , 
2023/6/22, 22, , , 8, , 
2023/6/23, 18, , , 8, 1, 1
2023/6/24, 29, , , 7, 1, 1
2023/6/25, 21, , , 3, , 1
2023/6/26, 33, , , 8, 1, 1
2023/6/27, 32, , , 11, 2, 1
2023/6/28, 42, , , 10, 1, 2
2023/6/29, 49, , , 12, , 2
2023/6/30, 43, , , 10, , 1
2023/7/1, 46, , , 6, , 1
2023/1/3, 39, , , 33, 1, 8
2023/1/4, 57, , , 17, 1, 4
2023/1/5, 17, , , 33, , 7
2023/1/6, 46, , , 29, , 5
2023/1/7, 28, , , 38, , 7
2023/1/8, 54, , , 33, , 7
2023/1/9, 50, , , 35, 1, 6
2023/1/10, 41, , , 38, 1, 8
2023/1/11, 51, , , 35, , 6
2023/1/12, 61, , , 35, 1, 6
2023/1/13, 80, , , 42, 1, 10
2023/1/14, 56, , , 25, 1, 6
2023/1/15, 43, , , 19, , 6
2023/1/16, 81, , , 13, , 3
2023/1/17, 59, , , 31, 1, 8
2023/1/18, 44, , , 45, 1, 10
2023/1/19, 68, , , 18, , 3
2023/1/20, 22, , , 19, 1, 3
2023/1/21, 20, , , 22, 1, 4
2023/1/22, 22, , , 8, 1, 2
2023/1/23, 8, , , 19, , 4
2023/1/24, 18, , , 15, 1, 3
2023/1/25, 15, , , 19, 1, 3
2023/1/26, 15, , , 15, 1, 3
2023/1/27, 15, , , 7, , 3
2023/1/28, 8, , , 7, , 3
2023/1/29, 9, , , 12, 1, 3
2023/1/30, 16, , , 21, 1, 4
2023/1/31, 17, , , 36, 1, 7
2023/2/1, 46, , , 22, 1, 5
2023/2/2, 47, , , 22, 1, 6
2023/2/3, 43, , , 35, 1, 7
2023/2/4, 39, , , 17, , 4
2023/2/5, 13, , , 24, 1, 6
2023/2/6, 36, , , 20, 1, 5
2023/2/7, 19, , , 23, , 6
2023/2/8, 25, , , 13, , 4
2023/2/9, 21, , , 31, 1, 6
2023/2/10, 38, , , 20, 1, 6
2023/2/11, 24, , , 16, , 4
2023/2/12, 14, , , 16, 1, 5
2023/2/13, 12, , , 10, , 5
2023/2/14, 9, , , 13, , 5
2023/2/15, 21, , , 24, , 6
2023/2/16, 39, , , 24, , 7
2023/2/17, 33, , , 13, 1, 5
2023/2/18, 13, , , 14, 1, 5
2023/2/19, 13, , , 11, , 5
2023/2/20, 10, , , 4, , 5
2023/2/21, 35, , , 3, , 5
2023/2/22, 4, , , 7, 1, 5
2023/2/23, 16, , , 11, , 6
2023/2/24, 24, , , 22, , 7
2023/2/25, 52, , , 47, 1, 10
2023/2/26, 69, , , 36, 1, 10
2023/2/27, 53, , , 33, , 7
2023/2/28, 45, , , 27, , 4
2023/3/1, 73, , , 7, , 1
2023/3/2, 54, , , 11, 1, 2
2023/3/3, 5, , , 16, 1, 3
2023/3/4, 6, , , 13, 1, 3
2023/3/5, 24, , , 5, , 3
2023/3/6, 24, , , 13, , 3
2023/3/7, 33, , , 14, , 2
2023/3/8, 54, , , 11, , 1
2023/3/9, 35, , , 16, , 1
2023/3/10, 37, , , 22, , 2
2023/3/11, 59, , , 13, 1, 1
2023/3/12, 43, , , 17, , 1
2023/3/13, 66, , , 40, 1, 4
2023/3/14, 89, , , 12, , 1
2023/3/15, 33, , , 27, 2, 3
2023/3/16, 33, , , 18, 2, 2
2023/3/17, 19, , , 31, 1, 4
2023/3/18, 44, , , 26, 1, 4
2023/3/19, 53, , , 26, 1, 4
2023/3/20, 59, , , 34, 1, 4
2023/3/21, 72, , , 18, 1, 2
2023/3/22, 48, , , 37, 1, 3
2023/3/23, 62, , , 21, 1, 3
2023/3/24, 36, , , 14, 1, 3
2023/3/25, 56, , , 10, 1, 3
2023/3/26, 60, , , 7, 1, 2
2023/3/27, 22, , , 6, , 2
2023/3/28, 29, , , 14, 1, 3
2023/3/29, 31, , , 20, , 3
2023/3/30, 48, , , 12, , 3
2023/3/31, 48, , , 16, , 3
2023/4/1, 32, , , 10, , 3
2022/10/2, 47, , , 14, 1, 4
2022/10/3, 44, , , 14, 2, 3
2022/10/4, 48, , , 10, 3, 3
2022/10/5, 43, , , 12, 1, 4
2022/10/6, 57, , , 9, , 3
2022/10/7, 38, , , 16, 2, 3
2022/10/8, 51, , , 13, 1, 2
2022/10/9, 53, , , 11, 2, 2
2022/10/10, 52, , , 13, , 1
2022/10/11, 46, , , 12, 1, 1
2022/10/12, 16, , , 16, , 1
2022/10/13, 13, , , 21, 2, 3
2022/10/14, 34, , , 11, 1, 1
2022/10/15, 26, , , 9, 1, 1
2022/10/16, 44, , , 13, 1, 2
2022/10/17, 40, , , 23, 1, 3
2022/10/18, 54, , , 18, 1, 2
2022/10/19, 58, , , 25, 1, 4
2022/10/20, 68, , , 17, 1, 2
2022/10/21, 35, , , 11, , 1
2022/10/22, 23, , , 6, , 1
2022/10/23, 24, , , 6, , 1
2022/10/24, 29, , , 22, 1, 3
2022/10/25, 35, , , 16, , 2
2022/10/26, 24, , , 20, , 3
2022/10/27, 30, , , 10, , 2
2022/10/28, 15, , , 19, , 4
2022/10/29, 21, , , 18, 1, 5
2022/10/30, 38, , , 11, 1, 2
2022/10/31, 19, , , 10, , 3
2022/11/1, 15, , , 5, , 3
2022/11/2, 13, , , 2, , 2
2022/11/3, 18, , , 25, , 3
2022/11/4, 33, , , 33, 1, 4
2022/11/5, 44, , , 10, 1, 2
2022/11/6, 40, , , 3, , 1
2022/11/7, 17, , , 5, , 1
2022/11/8, 2, , , 17, 1, 2
2022/11/9, 8, , , 28, , 3
2022/11/10, 57, , , 36, 1, 6
2022/11/11, 52, , , 22, 3, 3
2022/11/12, 46, , , 20, 1, 3
2022/11/13, 31, , , 20, 1, 3
2022/11/14, 29, , , 18, 1, 4
2022/11/15, 23, , , 17, 1, 3
2022/11/16, 21, , , 10, 1, 2
2022/11/17, 22, , , 15, 1, 2
2022/11/18, 17, , , 22, 1, 3
2022/11/19, 15, , , 22, 1, 3
2022/11/20, 25, , , 23, 1, 6
2022/11/21, 37, , , 27, 1, 4
2022/11/22, 29, , , 36, 1, 6
2022/11/23, 34, , , 17, , 5
2022/11/24, 10, , , 28, 1, 7
2022/11/25, 28, , , 10, , 4
2022/11/26, 6, , , 20, , 5
2022/11/27, 10, , , 5, , 4
2022/11/28, 2, , , 2, 1, 4
2022/11/29, 11, , , 6, 1, 4
2022/11/30, 10, , , 8, , 5
2022/12/1, 25, , , 14, , 5
2022/12/2, 20, , , 24, 41, 7
2022/12/3, 52, , , 26, 1, 7
2022/12/4, 41, , , 12, 1, 5
2022/12/5, 10, , , 10, , 5
2022/12/6, 18, , , 10, , 3
2022/12/7, 17, , , 22, , 2
2022/12/8, 30, , , 43, 1, 7
2022/12/9, 53, , , 35, , 7
2022/12/10, 46, , , 31, 1, 6
2022/12/11, 41, , , 9, , 2
2022/12/12, 60, , , 23, , 5
2022/12/13, 89, , , 28, , 5
2022/12/14, 48, , , 14, , 3
2022/12/15, 21, , , 21, 1, 3
2022/12/16, 23, , , 24, 4, 3
2022/12/17, 31, , , 4, , 2
2022/12/18, 15, , , 4, 1, 2
2022/12/19, 20, , , 7, 1, 2
2022/12/20, 18, , , 24, 1, 3
2022/12/21, 41, , , 7, 1, 2
2022/12/22, 23, , , 26, 1, 4
2022/12/23, 28, , , 23, , 3
2022/12/24, 28, , , 39, 1, 8
2022/12/25, 73, , , 23, 1, 6
2022/12/26, 43, , , 38, 1, 7
2022/12/27, 47, , , 16, , 4
2022/12/28, 28, , , 16, , 5
2022/12/29, 64, , , 28, , 8
2022/12/30, 76, , , 46, , 11
2022/12/31, 61, , , 35, 1, 9
2023/1/1, 44, , , 32, , 9
2023/1/2, 53, , , 31, 1, 7
2022/7/2, 49, , , 2, , 1
2022/7/3, 36, , , 2, , 1
2022/7/4, 22, , , 5, , 1
2022/7/5, 27, , , 4, , 
2022/7/6, 8, , , 6, , 1
2022/7/7, 33, , , 6, , 
2022/7/8, 22, , , 8, , 1
2022/7/9, 21, , , 5, 1, 
2022/7/10, 17, , , 4, 1, 
2022/7/11, 11, , , 6, 1, 
2022/7/12, 18, , , 11, 1, 
2022/7/13, 29, , , 5, , 
2022/7/14, 17, , , 6, , 
2022/7/15, 30, , , 8, 4, 
2022/7/16, 32, , , 8, 1, 1
2022/7/17, 43, , , 2, , 
2022/7/18, 25, , , 7, , 
2022/7/19, 24, , , 6, 1, 
2022/7/20, 22, , , 6, 1, 
2022/7/21, 12, , , 7, 1, 
2022/7/22, 32, , , 6, , 1
2022/7/23, 29, , , 5, , 1
2022/7/24, 28, , , 4, 1, 1
2022/7/25, 39, , , 3, , 
2022/7/26, 33, , , 6, , 
2022/7/27, 28, , , 7, 1, 1
2022/7/28, 36, , , 6, , 1
2022/7/29, 35, , , 6, 1, 
2022/7/30, 44, , , 4, 1, 
2022/7/31, 32, , , 7, , 1
2022/8/1, 42, , , 2, , 
2022/8/2, 51, , , 4, 1, 
2022/8/3, 6, , , 8, , 
2022/8/4, 40, , , 5, , 
2022/8/5, 35, , , 3, , 
2022/8/6, 7, , , 5, , 
2022/8/7, 22, , , 4, 1, 
2022/8/8, 16, , , 7, , 
2022/8/9, 35, , , 4, , 
2022/8/10, 39, , , 10, 1, 
2022/8/11, 50, , , 8, , 1
2022/8/12, 45, , , 7, 1, 1
2022/8/13, 105, , , 7, 1, 1
2022/8/14, 374, , , 6, 3, 1
2022/8/15, 17, , , 6, 1, 1
2022/8/16, 35, , , 10, 2, 1
2022/8/17, 51, , , 4, 1, 1
2022/8/18, 27, , , 8, , 1
2022/8/19, 48, , , 8, , 1
2022/8/20, 50, , , 7, 1, 1
2022/8/21, 57, , , 3, , 1
2022/8/22, 41, , , 8, , 1
2022/8/23, 57, , , 8, , 1
2022/8/24, 34, , , 7, , 1
2022/8/25, 45, , , 8, 1, 1
2022/8/26, 49, , , 8, 2, 1
2022/8/27, 41, , , 6, 2, 
2022/8/28, 30, , , 3, 1, 
2022/8/29, 13, , , 8, , 
2022/8/30, 19, , , 8, , 1
2022/8/31, 26, , , 9, 1, 1
2022/9/1, 32, , , 13, 1, 1
2022/9/2, 51, , , 9, 2, 2
2022/9/3, 41, , , 15, 2, 3
2022/9/4, 98, , , 8, , 2
2022/9/5, 100, , , 5, , 1
2022/9/6, 51, , , 9, , 1
2022/9/7, 43, , , 13, , 2
2022/9/8, 50, , , 5, , 1
2022/9/9, 15, , , 4, , 1
2022/9/10, 20, , , 10, , 2
2022/9/11, 93, , , 12, 1, 3
2022/9/12, 95, , , 7, , 2
2022/9/13, 68, , , 11, , 2
2022/9/14, 79, , , 8, 1, 2
2022/9/15, 72, , , 14, , 3
2022/9/16, 68, , , 9, 1, 2
2022/9/17, 50, , , 6, , 2
2022/9/18, 21, , , 8, 1, 2
2022/9/19, 28, , , 6, , 2
2022/9/20, 19, , , 7, , 2
2022/9/21, 21, , , 10, , 2
2022/9/22, 34, , , 11, , 2
2022/9/23, 38, , , 7, , 2
2022/9/24, 34, , , 9, , 2
2022/9/25, 23, , , 11, 1, 2
2022/9/26, 28, , , 16, 1, 3
2022/9/27, 42, , , 13, , 3
2022/9/28, 52, , , 17, 1, 4
2022/9/29, 50, , , 15, 1, 3
2022/9/30, 60, , , 4, 1, 3
2022/10/1, 55, , , 9, 1, 3
2022/4/2, 18, , , 11, , 2
2022/4/3, 17, , , 17, , 3
2022/4/4, 23, , , 6, , 2
2022/4/5, 12, , , 2, , 2
2022/4/6, 4, , , 6, 1, 2
2022/4/7, 7, , , 17, , 3
2022/4/8, 34, , , 12, , 2
2022/4/9, 36, , , 4, , 2
2022/4/10, 3, , , 1, , 2
2022/4/11, 2, , , 3, , 3
2022/4/12, 5, , , 4, 3, 2
2022/4/13, 11, , , 3, 1, 1
2022/4/14, 14, , , 6, 1, 1
2022/4/15, 28, , , 6, , 1
2022/4/16, 27, , , 8, , 1
2022/4/17, 23, , , 7, , 1
2022/4/18, 28, , , 12, , 1
2022/4/19, 21, , , 10, , 1
2022/4/20, 17, , , 3, , 1
2022/4/21, 26, , , 8, , 1
2022/4/22, 20, , , 7, 5, 2
2022/4/23, 42, , , 8, 1, 2
2022/4/24, 27, , , 8, 2, 2
2022/4/25, 19, , , 15, , 2
2022/4/26, 34, , , 11, , 2
2022/4/27, 33, , , 6, , 2
2022/4/28, 12, , , 9, 1, 2
2022/4/29, 22, , , 6, 1, 2
2022/4/30, 22, , , 6, , 2
2022/5/1, 30, , , 6, 1, 2
2022/5/2, 26, , , 10, 1, 2
2022/5/3, 24, , , 8, 1, 2
2022/5/4, 33, , , 13, , 2
2022/5/5, 30, , , 11, , 2
2022/5/6, 33, , , 3, 1, 2
2022/5/7, 15, , , 3, 2, 2
2022/5/8, 13, , , 3, , 2
2022/5/9, 11, , , 4, , 2
2022/5/10, 17, , , 6, , 3
2022/5/11, 32, , , 9, , 2
2022/5/12, 23, , , 11, , 2
2022/5/13, 29, , , 13, 1, 3
2022/5/14, 28, , , 2, 1, 2
2022/5/15, 12, , , 6, , 2
2022/5/16, 15, , , 5, 1, 2
2022/5/17, 12, , , 3, , 2
2022/5/18, 14, , , 7, , 2
2022/5/19, 18, , , 1, , 3
2022/5/20, 7, , , 1, , 3
2022/5/21, 13, , , 4, 1, 3
2022/5/22, 19, , , 8, 1, 3
2022/5/23, 26, , , 8, , 2
2022/5/24, 23, , , 6, 1, 3
2022/5/25, 16, , , 8, , 2
2022/5/26, 17, , , 8, 1, 1
2022/5/27, 27, , , 9, 1, 2
2022/5/28, 21, , , 3, 1, 1
2022/5/29, 10, , , 2, 1, 1
2022/5/30, 13, , , 2, , 1
2022/5/31, 15, , , 8, 1, 1
2022/6/1, 22, , , 8, , 1
2022/6/2, 35, , , 10, 1, 1
2022/6/3, 41, , , 8, , 1
2022/6/4, 38, , , 6, , 1
2022/6/5, 29, , , 3, , 1
2022/6/6, 23, , , 4, 1, 1
2022/6/7, 26, , , 3, , 2
2022/6/8, 19, , , 7, , 2
2022/6/9, 19, , , 6, , 1
2022/6/10, 13, , , 5, , 1
2022/6/11, 8, , , 5, , 2
2022/6/12, 12, , , 6, 1, 2
2022/6/13, 23, , , 5, , 2
2022/6/14, 23, , , 1, , 2
2022/6/15, 5, , , 1, , 2
2022/6/16, 34, , , 5, , 2
2022/6/17, 33, , , 6, , 2
2022/6/18, 38, , , 4, , 2
2022/6/19, 35, , , 7, , 2
2022/6/20, 14, , , 3, , 1
2022/6/21, 14, , , 6, , 1
2022/6/22, 18, , , 7, , 2
2022/6/23, 21, , , 4, , 1
2022/6/24, 16, , , 1, , 1
2022/6/25, 19, , , 3, , 1
2022/6/26, 19, , , 5, 2, 1
2022/6/27, 22, , , 7, , 1
2022/6/28, 45, , , 5, , 1
2022/6/29, 43, , , 6, , 1
2022/6/30, 9, , , 3, , 1
2022/7/1, 40, , , 7, , 1
2022/1/4, 37, , , 10, 1, 3
2022/1/5, 14, , , 22, 1, 2
2022/1/6, 29, , , 21, , 2
2022/1/7, 57, , , 15, , 2
2022/1/8, 65, , , 19, , 3
2022/1/9, 67, , , 33, , 5
2022/1/10, 89, , , 47, 1, 8
2022/1/11, 51, , , 28, , 4
2022/1/12, 21, , , 24, , 3
2022/1/13, 21, , , 22, , 5
2022/1/14, 46, , , 16, , 3
2022/1/15, 32, , , 12, , 2
2022/1/16, 11, , , 23, , 4
2022/1/17, 31, , , 15, , 3
2022/1/18, 17, , , 7, , 2
2022/1/19, 20, , , 19, , 4
2022/1/20, 36, , , 31, , 5
2022/1/21, 38, , , 21, , 5
2022/1/22, 31, , , 21, , 4
2022/1/23, 25, , , 10, , 3
2022/1/24, 14, , , 6, , 3
2022/1/25, 9, , , 21, , 4
2022/1/26, 19, , , 7, , 3
2022/1/27, 10, , , 20, , 4
2022/1/28, 25, , , 19, , 4
2022/1/29, 20, , , 23, 1, 5
2022/1/30, 31, , , 16, 1, 5
2022/1/31, 23, , , 7, , 5
2022/2/1, 16, , , 7, , 4
2022/2/2, 10, , , 15, , 4
2022/2/3, 35, , , 12, , 4
2022/2/4, 31, , , 17, 1, 3
2022/2/5, 35, , , 11, , 1
2022/2/6, 10, , , 11, , 1
2022/2/7, 16, , , 12, , 1
2022/2/8, 18, , , 10, , 1
2022/2/9, 17, , , 8, , 1
2022/2/10, 15, , , 7, , 2
2022/2/11, 10, , , 7, 1, 2
2022/2/12, 12, , , 15, 1, 2
2022/2/13, 19, , , 8, , 2
2022/2/14, 12, , , 8, , 2
2022/2/15, 23, , , 6, , 2
2022/2/16, 30, , , 14, , 3
2022/2/17, 18, , , 11, , 2
2022/2/18, 16, , , 5, , 2
2022/2/19, 15, , , 11, , 3
2022/2/20, 7, , , 3, , 3
2022/2/21, 11, , , 9, 1, 3
2022/2/22, 24, , , 20, 1, 4
2022/2/23, 39, , , 36, , 6
2022/2/24, 59, , , 10, 1, 3
2022/2/25, 10, , , 26, 1, 4
2022/2/26, 22, , , 20, 1, 3
2022/2/27, 24, , , 12, , 3
2022/2/28, 13, , , 20, , 4
2022/3/1, 42, , , 13, , 4
2022/3/2, 74, , , 6, , 4
2022/3/3, 49, , , 7, 1, 4
2022/3/4, 30, , , 8, 1, 4
2022/3/5, 28, , , 13, 1, 4
2022/3/6, 41, , , 7, 1, 4
2022/3/7, 15, , , 6, , 4
2022/3/8, 13, , , 3, , 4
2022/3/9, 8, , , 8, , 4
2022/3/10, 12, , , 11, 1, 4
2022/3/11, 18, , , 17, , 5
2022/3/12, 36, , , 6, , 4
2022/3/13, 10, , , 7, , 4
2022/3/14, 18, , , 10, , 4
2022/3/15, 29, , , 13, , 5
2022/3/16, 16, , , 8, , 4
2022/3/17, 9, , , 17, , 2
2022/3/18, 22, , , 13, 1, 1
2022/3/19, 17, , , 17, , 2
2022/3/20, 26, , , 5, , 1
2022/3/21, 9, , , 18, , 1
2022/3/22, 14, , , 16, 1, 2
2022/3/23, 21, , , 20, , 3
2022/3/24, 36, , , 4, , 2
2022/3/25, 6, , , 14, , 2
2022/3/26, 22, , , 5, , 2
2022/3/27, 16, , , 12, 1, 3
2022/3/28, 34, , , 4, , 2
2022/3/29, 30, , , 11, 1, 2
2022/3/30, 14, , , 16, , 3
2022/3/31, 32, , , 3, , 2
2022/4/1, 3, , , 12, 1, 2
2021/10/2, 16, , , 16, , 3
2021/10/3, 23, , , 10, , 3
2021/10/4, 23, , , 16, , 4
2021/10/5, 35, , , 13, , 3
2021/10/6, 39, , , 13, , 6
2021/10/7, 110, , , 22, , 6
2021/10/8, 76, , , 20, , 2
2021/10/9, 22, , , 15, , 2
2021/10/10, 24, , , 13, , 2
2021/10/11, 16, , , 11, , 2
2021/10/12, 18, , , 18, , 2
2021/10/13, 24, , , 12, , 2
2021/10/14, 16, , , 11, , 2
2021/10/15, 25, , , 18, , 3
2021/10/16, 20, , , 15, , 2
2021/10/17, 24, , , 12, , 3
2021/10/18, 34, , , 7, , 3
2021/10/19, 34, , , 6, , 2
2021/10/20, 28, , , 11, , 3
2021/10/21, 30, , , 12, , 3
2021/10/22, 17, , , 15, , 3
2021/10/23, 35, , , 7, , 3
2021/10/24, 16, , , 9, , 4
2021/10/25, 18, , , 10, , 3
2021/10/26, 16, , , 15, , 4
2021/10/27, 14, , , 14, , 3
2021/10/28, 8, , , 21, , 5
2021/10/29, 27, , , 9, , 4
2021/10/30, 10, , , 9, , 4
2021/10/31, 14, , , 16, 1, 4
2021/11/1, 28, , , 21, , 5
2021/11/2, 35, , , 26, 1, 7
2021/11/3, 33, , , 26, 1, 4
2021/11/4, 31, , , 20, , 3
2021/11/5, 25, , , 19, , 1
2021/11/6, 19, , , 17, , 2
2021/11/7, 19, , , 18, , 2
2021/11/8, 18, , , 12, , 2
2021/11/9, 10, , , 18, 1, 3
2021/11/10, 31, , , 9, 1, 2
2021/11/11, 5, , , 20, 1, 3
2021/11/12, 18, , , 17, , 3
2021/11/13, 24, , , 13, , 2
2021/11/14, 11, , , 14, , 3
2021/11/15, 21, , , 8, , 3
2021/11/16, 17, , , 1, , 3
2021/11/17, 8, , , 20, , 4
2021/11/18, 29, , , 19, , 3
2021/11/19, 18, , , 26, 1, 6
2021/11/20, 39, , , 11, , 4
2021/11/21, 20, , , 14, , 3
2021/11/22, 14, , , 24, , 5
2021/11/23, 26, , , 19, , 4
2021/11/24, 20, , , 17, , 5
2021/11/25, 36, , , 21, 1, 5
2021/11/26, 17, , , 22, 1, 5
2021/11/27, 24, , , 9, , 4
2021/11/28, 29, , , 20, 2, 6
2021/11/29, 24, , , 22, 1, 5
2021/11/30, 18, , , 38, 1, 9
2021/12/1, 46, , , 13, , 5
2021/12/2, 13, , , 9, , 3
2021/12/3, 21, , , 28, 1, 2
2021/12/4, 31, , , 23, 1, 2
2021/12/5, 30, , , 10, 1, 2
2021/12/6, 28, , , 26, , 3
2021/12/7, 20, , , 40, 1, 5
2021/12/8, 32, , , 21, , 3
2021/12/9, 14, , , 26, 1, 3
2021/12/10, 21, , , 24, 1, 3
2021/12/11, 27, , , 8, , 2
2021/12/12, 9, , , 19, , 3
2021/12/13, 12, , , 30, 1, 6
2021/12/14, 45, , , 7, , 3
2021/12/15, 28, , , 25, 1, 6
2021/12/16, 63, , , 16, 1, 3
2021/12/17, 56, , , 23, , 5
2021/12/18, 53, , , 34, 1, 6
2021/12/19, 42, , , 9, , 3
2021/12/20, 13, , , 30, 1, 6
2021/12/21, 32, , , 43, 1, 8
2021/12/22, 49, , , 36, 1, 7
2021/12/23, 55, , , 13, , 4
2021/12/24, 31, , , 7, , 4
2021/12/25, 17, , , 6, , 4
2021/12/26, 8, , , 9, , 4
2021/12/27, 21, , , 25, 1, 6
2021/12/28, 45, , , 22, 1, 6
2021/12/29, 27, , , 20, , 5
2021/12/30, 24, , , 22, 1, 6
2021/12/31, 28, , , 30, 1, 6
2022/1/1, 45, , , 32, 1, 7
2022/1/2, 38, , , 13, , 5
2022/1/3, 19, , , 7, 1, 5
2021/7/2, 23, , , 4, , 1
2021/7/3, 41, , , 3, , 1
2021/7/4, 41, , , 2, , 1
2021/7/5, 42, , , 4, , 1
2021/7/6, 29, , , 5, , 1
2021/7/7, 34, , , 7, , 1
2021/7/8, 44, , , 5, , 1
2021/7/9, 34, , , 8, 1, 2
2021/7/10, 55, , , 9, , 2
2021/7/11, 49, , , 4, , 1
2021/7/12, 37, , , 10, , 1
2021/7/13, 38, , , 9, 1, 1
2021/7/14, 43, , , 9, , 2
2021/7/15, 87, , , 10, 1, 4
2021/7/16, 124, , , 4, , 3
2021/7/17, 125, , , 3, , 2
2021/7/18, 89, , , 3, , 11
2021/7/19, 198, , , 5, , 8
2021/7/20, 146, , , 5, , 3
2021/7/21, 65, , , 4, , 2
2021/7/22, 55, , , 6, , 2
2021/7/23, 80, , , 12, , 2
2021/7/24, 96, , , 8, , 2
2021/7/25, 106, , , 6, , 1
2021/7/26, 76, , , 4, , 1
2021/7/27, 50, , , 8, , 1
2021/7/28, 63, , , 8, , 1
2021/7/29, 53, , , 9, 1, 3
2021/7/30, 120, , , 11, , 2
2021/7/31, 84, , , 11, 1, 2
2021/8/1, 83, , , 9, , 2
2021/8/2, 93, , , 3, , 2
2021/8/3, 86, , , 5, , 3
2021/8/4, 101, , , 11, 1, 2
2021/8/5, 89, , , 10, , 2
2021/8/6, 76, , , 10, 1, 2
2021/8/7, 100, , , 4, , 1
2021/8/8, 41, , , 5, , 
2021/8/9, 11, , , 5, , 
2021/8/10, 27, , , 3, , 
2021/8/11, 26, , , 6, 1, 
2021/8/12, 16, , , 9, , 
2021/8/13, 30, , , 8, , 1
2021/8/14, 53, , , 14, 1, 3
2021/8/15, 112, , , 7, 1, 3
2021/8/16, 140, , , 10, 1, 4
2021/8/17, 110, , , 6, , 1
2021/8/18, 18, , , 5, 1, 1
2021/8/19, 23, , , 6, 2, 2
2021/8/20, 31, , , 4, , 1
2021/8/21, 17, , , 8, 1, 2
2021/8/22, 20, , , 2, , 2
2021/8/23, 25, , , 4, , 2
2021/8/24, 8, , , 3, , 2
2021/8/25, 14, , , 6, , 2
2021/8/26, 28, , , 11, 2, 2
2021/8/27, 34, , , 6, , 2
2021/8/28, 43, , , 6, 1, 2
2021/8/29, 21, , , 6, 3, 2
2021/8/30, 23, , , 8, 1, 2
2021/8/31, 34, , , 4, , 2
2021/9/1, 33, , , 6, 1, 2
2021/9/2, 8, , , 5, 1, 2
2021/9/3, 6, , , 9, , 2
2021/9/4, 18, , , 11, 1, 3
2021/9/5, 31, , , 6, 1, 2
2021/9/6, 50, , , 5, 2, 2
2021/9/7, 18, , , 10, 1, 2
2021/9/8, 28, , , 15, 1, 3
2021/9/9, 59, , , 13, , 3
2021/9/10, 65, , , 6, , 2
2021/9/11, 20, , , 3, , 2
2021/9/12, 18, , , 4, , 2
2021/9/13, 29, , , 7, 1, 2
2021/9/14, 20, , , 13, 1, 2
2021/9/15, 27, , , 7, , 1
2021/9/16, 13, , , 10, , 1
2021/9/17, 7, , , 12, , 2
2021/9/18, 22, , , 3, , 1
2021/9/19, 21, , , 7, 1, 1
2021/9/20, 10, , , 12, 1, 2
2021/9/21, 16, , , 11, 26, 2
2021/9/22, 21, , , 12, , 1
2021/9/23, 27, , , 8, , 2
2021/9/24, 23, , , 17, , 3
2021/9/25, 28, , , 12, 1, 2
2021/9/26, 22, , , 12, 1, 4
2021/9/27, 45, , , 11, , 3
2021/9/28, 25, , , 8, , 2
2021/9/29, 10, , , 12, , 2
2021/9/30, 20, , , 12, , 3
2021/10/1, 21, , , 8, 1, 2
2021/4/2, 40, , , 10, , 4
2021/4/3, 23, , , 7, 1, 4
2021/4/4, 26, , , 11, 1, 6
2021/4/5, 34, , , 14, , 5
2021/4/6, 21, , , 8, 1, 5
2021/4/7, 35, , , 14, 1, 3
2021/4/8, 38, , , 3, , 1
2021/4/9, 6, , , 15, , 1
2021/4/10, 16, , , 9, , 1
2021/4/11, 9, , , 1, , 1
2021/4/12, 5, , , 8, 1, 2
2021/4/13, 20, , , 13, 1, 2
2021/4/14, 33, , , 14, , 2
2021/4/15, 21, , , 15, 1, 2
2021/4/16, 27, , , 14, 1, 2
2021/4/17, 31, , , 13, 2, 3
2021/4/18, 29, , , 6, , 2
2021/4/19, 22, , , 4, , 2
2021/4/20, 6, , , 14, 1, 3
2021/4/21, 25, , , 13, 5, 2
2021/4/22, 21, , , 3, , 2
2021/4/23, 6, , , 6, , 3
2021/4/24, 24, , , 5, , 3
2021/4/25, 26, , , 4, , 3
2021/4/26, 24, , , 11, , 3
2021/4/27, 26, , , 15, , 3
2021/4/28, 37, , , 10, , 3
2021/4/29, 19, , , 13, , 3
2021/4/30, 23, , , 13, , 3
2021/5/1, 22, , , 9, 1, 4
2021/5/2, 14, , , 4, , 4
2021/5/3, 5, , , 10, , 4
2021/5/4, 18, , , 7, , 4
2021/5/5, 11, , , 6, 1, 4
2021/5/6, 9, , , 9, , 4
2021/5/7, 28, , , 8, , 4
2021/5/8, 21, , , 3, , 4
2021/5/9, 3, , , 6, , 4
2021/5/10, 31, , , 9, , 4
2021/5/11, 25, , , 5, , 4
2021/5/12, 11, , , 10, , 4
2021/5/13, 18, , , 6, 1, 4
2021/5/14, 20, , , 9, , 5
2021/5/15, 20, , , 10, 1, 5
2021/5/16, 22, , , 7, 1, 5
2021/5/17, 19, , , 12, , 5
2021/5/18, 34, , , 5, , 5
2021/5/19, 23, , , 4, , 1
2021/5/20, 7, , , 3, , 1
2021/5/21, 24, , , 4, , 1
2021/5/22, 21, , , 10, , 1
2021/5/23, 35, , , 5, , 1
2021/5/24, 18, , , 4, , 1
2021/5/25, 7, , , 7, , 1
2021/5/26, 23, , , 5, , 1
2021/5/27, 32, , , 8, , 1
2021/5/28, 22, , , 5, , 1
2021/5/29, 7, , , 6, , 1
2021/5/30, 9, , , 4, 1, 1
2021/5/31, 17, , , 8, 1, 2
2021/6/1, 19, , , 10, 1, 2
2021/6/2, 24, , , 9, 3, 2
2021/6/3, 32, , , 6, 1, 2
2021/6/4, 43, , , 5, , 1
2021/6/5, 34, , , 4, 1, 1
2021/6/6, 28, , , 3, , 1
2021/6/7, 6, , , 4, , 1
2021/6/8, 5, , , 5, 1, 1
2021/6/9, 14, , , 8, , 1
2021/6/10, 30, , , 7, 4, 1
2021/6/11, 17, , , 7, , 1
2021/6/12, 11, , , 7, , 1
2021/6/13, 17, , , 9, 1, 2
2021/6/14, 26, , , 6, , 1
2021/6/15, 26, , , 3, , 1
2021/6/16, 49, , , 3, , 1
2021/6/17, 17, , , 7, , 1
2021/6/18, 24, , , 6, , 1
2021/6/19, 34, , , 5, , 1
2021/6/20, 31, , , 2, , 1
2021/6/21, 19, , , 8, , 1
2021/6/22, 27, , , 10, , 2
2021/6/23, 27, , , 3, , 1
2021/6/24, 29, , , 4, , 1
2021/6/25, 28, , , 4, , 1
2021/6/26, 40, , , 6, 1, 1
2021/6/27, 9, , , 6, , 2
2021/6/28, 36, , , 9, , 1
2021/6/29, 41, , , 9, , 1
2021/6/30, 45, , , 8, , 1
2021/7/1, 34, , , 6, , 1
2021/1/5, 27, , , 24, , 3
2021/1/6, 30, , , 37, , 5
2021/1/7, 35, , , 36, 1, 7
2021/1/8, 41, , , 42, , 9
2021/1/9, 54, , , 25, 1, 6
2021/1/10, 34, , , 16, , 5
2021/1/11, 18, , , 21, , 4
2021/1/12, 17, , , 31, 1, 7
2021/1/13, 28, , , 7, , 5
2021/1/14, 4, , , 19, , 5
2021/1/15, 9, , , 16, , 6
2021/1/16, 10, , , 18, , 7
2021/1/17, 16, , , 17, , 7
2021/1/18, 22, , , 16, 1, 8
2021/1/19, 12, , , 24, , 9
2021/1/20, 20, , , 16, , 8
2021/1/21, 11, , , 24, 1, 9
2021/1/22, 18, , , 24, 1, 9
2021/1/23, 29, , , 17, 1, 9
2021/1/24, 24, , , 7, , 9
2021/1/25, 20, , , 8, , 9
2021/1/26, 24, , , 13, , 9
2021/1/27, 36, , , 9, , 10
2021/1/28, 37, , , 13, , 10
2021/1/29, 57, , , 20, , 12
2021/1/30, 73, , , 30, 1, 14
2021/1/31, 49, , , 32, 1, 16
2021/2/1, 44, , , 31, 1, 16
2021/2/2, 47, , , 16, 1, 13
2021/2/3, 88, , , 16, , 14
2021/2/4, 45, , , 26, 1, 15
2021/2/5, 35, , , 10, , 13
2021/2/6, 36, , , 9, , 13
2021/2/7, 18, , , 21, , 14
2021/2/8, 49, , , 23, 1, 15
2021/2/9, 59, , , 19, 1, 15
2021/2/10, 46, , , 12, 1, 2
2021/2/11, 39, , , 21, 1, 2
2021/2/12, 28, , , 15, 1, 1
2021/2/13, 20, , , 14, , 2
2021/2/14, 38, , , 10, , 2
2021/2/15, 27, , , 23, , 3
2021/2/16, 36, , , 39, 1, 6
2021/2/17, 88, , , 15, , 3
2021/2/18, 23, , , 33, , 5
2021/2/19, 43, , , 11, , 3
2021/2/20, 17, , , 13, , 3
2021/2/21, 5, , , 13, , 4
2021/2/22, 6, , , 10, , 4
2021/2/23, 9, , , 12, , 5
2021/2/24, 14, , , 15, , 5
2021/2/25, 20, , , 16, , 5
2021/2/26, 10, , , 12, 1, 5
2021/2/27, 12, , , 17, 1, 6
2021/2/28, 36, , , 10, , 5
2021/3/1, 14, , , 12, , 6
2021/3/2, 15, , , 28, , 7
2021/3/3, 37, , , 27, , 8
2021/3/4, 38, , , 27, , 8
2021/3/5, 47, , , 24, , 9
2021/3/6, 45, , , 18, 1, 8
2021/3/7, 27, , , 17, , 7
2021/3/8, 25, , , 18, , 7
2021/3/9, 14, , , 32, , 8
2021/3/10, 43, , , 34, , 8
2021/3/11, 22, , , 31, , 8
2021/3/12, 39, , , 24, , 5
2021/3/13, 31, , , 15, 1, 1
2021/3/14, 32, , , 12, , 1
2021/3/15, 29, , , 8, , 2
2021/3/16, 23, , , 18, , 2
2021/3/17, 34, , , 19, , 4
2021/3/18, 39, , , 24, , 3
2021/3/19, 37, , , 9, , 2
2021/3/20, 16, , , 15, , 2
2021/3/21, 9, , , 3, , 2
2021/3/22, 10, , , 6, , 3
2021/3/23, 9, , , 6, , 3
2021/3/24, 23, , , 14, , 3
2021/3/25, 15, , , 4, , 3
2021/3/26, 30, , , 7, , 4
2021/3/27, 37, , , 6, , 3
2021/3/28, 19, , , 6, , 3
2021/3/29, 7, , , 1, , 4
2021/3/30, 3, , , 8, 1, 4
2021/3/31, 8, , , 14, 1, 4
2021/4/1, 24, , , 18, 1, 5
2020/10/2, 48, , , 14, 1, 6
2020/10/3, 39, , , 13, , 8
2020/10/4, 53, , , 10, 1, 7
2020/10/5, 49, , , 12, , 7
2020/10/6, 27, , , 10, 1, 7
2020/10/7, 23, , , 14, , 7
2020/10/8, 31, , , 17, 1, 9
2020/10/9, 30, , , 11, , 8
2020/10/10, 30, , , 5, , 8
2020/10/11, 18, , , 5, , 8
2020/10/12, 2, , , 11, , 9
2020/10/13, 10, , , 15, , 10
2020/10/14, 12, , , 7, , 9
2020/10/15, 11, , , 12, , 10
2020/10/16, 13, , , 10, , 10
2020/10/17, 15, , , 3, , 9
2020/10/18, 5, , , 3, , 10
2020/10/19, 17, , , 10, , 10
2020/10/20, 31, , , 15, , 11
2020/10/21, 27, , , 6, , 10
2020/10/22, 26, , , 5, , 5
2020/10/23, 15, , , 8, , 1
2020/10/24, 27, , , 9, 1, 1
2020/10/25, 26, , , 24, , 2
2020/10/26, 35, , , 28, 1, 3
2020/10/27, 46, , , 14, , 1
2020/10/28, 11, , , 13, , 2
2020/10/29, 20, , , 13, , 3
2020/10/30, 27, , , 7, , 2
2020/10/31, 16, , , 7, , 3
2020/11/1, 10, , , 21, , 4
2020/11/2, 25, , , 23, , 5
2020/11/3, 38, , , 27, 1, 5
2020/11/4, 35, , , 15, , 4
2020/11/5, 19, , , 9, , 4
2020/11/6, 11, , , 17, , 5
2020/11/7, 23, , , 2, , 4
2020/11/8, 14, , , 1, , 4
2020/11/9, 4, , , 24, , 6
2020/11/10, 27, , , 5, , 5
2020/11/11, 12, , , 13, , 5
2020/11/12, 19, , , 37, , 10
2020/11/13, 48, , , 30, 1, 8
2020/11/14, 37, , , 12, , 6
2020/11/15, 17, , , 22, , 7
2020/11/16, 22, , , 30, , 9
2020/11/17, 46, , , 13, , 7
2020/11/18, 41, , , 16, , 8
2020/11/19, 48, , , 11, , 7
2020/11/20, 34, , , 27, , 10
2020/11/21, 47, , , 23, , 9
2020/11/22, 27, , , 34, 1, 13
2020/11/23, 55, , , 29, 1, 9
2020/11/24, 33, , , 39, 1, 14
2020/11/25, 55, , , 23, , 11
2020/11/26, 15, , , 16, , 1
2020/11/27, 15, , , 30, , 2
2020/11/28, 37, , , 16, , 
2020/11/29, 18, , , 29, , 1
2020/11/30, 42, , , 29, 1, 4
2020/12/1, 34, , , 21, , 
2020/12/2, 17, , , 27, 1, 2
2020/12/3, 36, , , 30, 1, 4
2020/12/4, 39, , , 25, 1, 6
2020/12/5, 42, , , 33, 1, 4
2020/12/6, 42, , , 19, , 2
2020/12/7, 26, , , 28, 1, 1
2020/12/8, 31, , , 26, 1, 3
2020/12/9, 35, , , 20, , 1
2020/12/10, 17, , , 25, 1, 2
2020/12/11, 18, , , 14, , 2
2020/12/12, 47, , , 8, , 2
2020/12/13, 12, , , 4, , 2
2020/12/14, 16, , , 24, 1, 5
2020/12/15, 48, , , 33, 1, 6
2020/12/16, 27, , , 26, 1, 4
2020/12/17, 26, , , 24, , 5
2020/12/18, 36, , , 22, , 6
2020/12/19, 44, , , 15, , 4
2020/12/20, 13, , , 15, , 4
2020/12/21, 3, , , 23, , 6
2020/12/22, 19, , , 13, , 6
2020/12/23, 11, , , 30, , 7
2020/12/24, 22, , , 20, 1, 7
2020/12/25, 17, , , 24, , 8
2020/12/26, 27, , , 10, , 7
2020/12/27, 46, , , 18, , 8
2020/12/28, 65, , , 36, , 11
2020/12/29, 30, , , 40, , 12
2020/12/30, 33, , , 38, , 11
2020/12/31, 29, , , 44, 1, 15
2021/1/1, 56, , , 38, , 14
2021/1/2, 51, , , 21, , 11
2021/1/3, 18, , , 14, , 13
2021/1/4, 10, , , 34, 1, 7
2020/7/2, 2, , , 4, , 11
2020/7/3, 3, , , 8, , 11
2020/7/4, 28, , , 4, , 11
2020/7/5, 25, , , 5, 1, 12
2020/7/6, 16, , , 5, , 12
2020/7/7, 17, , , 6, , 12
2020/7/8, 32, , , 3, , 12
2020/7/9, 14, , , 7, 1, 13
2020/7/10, 23, , , 5, 1, 13
2020/7/11, 10, , , 7, 1, 13
2020/7/12, 28, , , 3, , 13
2020/7/13, 15, , , 5, , 8
2020/7/14, 10, , , 5, , 1
2020/7/15, 13, , , 8, 1, 1
2020/7/16, 26, , , 7, , 1
2020/7/17, 25, , , 6, , 1
2020/7/18, 11, , , 4, , 1
2020/7/19, 17, , , 4, , 2
2020/7/20, 19, , , 3, 1, 2
2020/7/21, 16, , , 8, 1, 3
2020/7/22, 36, , , 7, 1, 3
2020/7/23, 36, , , 5, , 3
2020/7/24, 39, , , 8, , 4
2020/7/25, 24, , , 5, 1, 3
2020/7/26, 5, , , 4, 1, 4
2020/7/27, 21, , , 8, 1, 4
2020/7/28, 34, , , 7, 2, 4
2020/7/29, 41, , , 5, , 5
2020/7/30, 49, , , 6, , 5
2020/7/31, 42, , , 4, , 6
2020/8/1, 46, , , 3, , 6
2020/8/2, 35, , , 4, 1, 6
2020/8/3, 31, , , 4, , 7
2020/8/4, 32, , , 7, 1, 7
2020/8/5, 21, , , 8, , 8
2020/8/6, 40, , , 7, , 8
2020/8/7, 35, , , 4, , 7
2020/8/8, 7, , , 6, , 8
2020/8/9, 8, , , 7, 2, 8
2020/8/10, 6, , , 9, , 8
2020/8/11, 22, , , 7, 1, 8
2020/8/12, 36, , , 3, , 9
2020/8/13, 26, , , 6, , 5
2020/8/14, 25, , , 8, 1, 1
2020/8/15, 25, , , 7, , 1
2020/8/16, 26, , , 7, 1, 1
2020/8/17, 29, , , 11, 1, 2
2020/8/18, 36, , , 12, , 2
2020/8/19, 36, , , 7, , 2
2020/8/20, 31, , , 5, 1, 3
2020/8/21, 42, , , 7, 1, 3
2020/8/22, 40, , , 4, , 3
2020/8/23, 19, , , 9, 2, 4
2020/8/24, 28, , , 14, , 4
2020/8/25, 39, , , 4, , 4
2020/8/26, 18, , , 7, 1, 4
2020/8/27, 26, , , 5, , 4
2020/8/28, 19, , , 11, , 5
2020/8/29, 42, , , 10, , 6
2020/8/30, 25, , , 4, , 5
2020/8/31, 6, , , 9, , 5
2020/9/1, 9, , , 6, , 5
2020/9/2, 7, , , 8, , 5
2020/9/3, 9, , , 10, 1, 6
2020/9/4, 15, , , 12, , 7
2020/9/5, 33, , , 9, 2, 7
2020/9/6, 39, , , 2, 1, 6
2020/9/7, 9, , , 2, , 7
2020/9/8, 8, , , 9, , 7
2020/9/9, 10, , , 9, 1, 8
2020/9/10, 20, , , 16, 1, 9
2020/9/11, 36, , , 12, 1, 9
2020/9/12, 29, , , 4, , 8
2020/9/13, 15, , , 3, , 8
2020/9/14, 19, , , 6, , 5
2020/9/15, 36, , , 6, , 2
2020/9/16, 54, , , 8, , 3
2020/9/17, 68, , , 13, 1, 4
2020/9/18, 80, , , 17, 1, 5
2020/9/19, 102, , , 14, 1, 6
2020/9/20, 114, , , 5, , 5
2020/9/21, 65, , , 13, , 5
2020/9/22, 28, , , 9, 1, 4
2020/9/23, 23, , , 11, , 4
2020/9/24, 40, , , 6, , 3
2020/9/25, 14, , , 16, , 4
2020/9/26, 12, , , 6, , 3
2020/9/27, 7, , , 8, , 4
2020/9/28, 7, , , 14, 1, 4
2020/9/29, 19, , , 8, , 5
2020/9/30, 18, , , 10, , 5
2020/10/1, 29, , , 18, 1, 6
2020/4/2, 15, , , 9, , 2
2020/4/3, 31, , , 3, , 2
2020/4/4, 23, , , 5, 1, 2
2020/4/5, 35, , , 2, , 2
2020/4/6, 33, , , 7, , 2
2020/4/7, 36, , , 9, , 2
2020/4/8, 24, , , 5, , 1
2020/4/9, 11, , , 11, , 3
2020/4/10, 32, , , 6, , 2
2020/4/11, 17, , , 3, , 2
2020/4/12, 12, , , 2, , 2
2020/4/13, 12, , , 9, , 3
2020/4/14, 22, , , 6, , 3
2020/4/15, 13, , , 3, , 3
2020/4/16, 19, , , 13, , 3
2020/4/17, 20, , , 7, , 3
2020/4/18, 13, , , 3, , 3
2020/4/19, 13, , , 9, , 3
2020/4/20, 18, , , 8, , 3
2020/4/21, 11, , , 4, , 3
2020/4/22, 21, , , 9, , 3
2020/4/23, 24, , , 8, , 3
2020/4/24, 12, , , 10, , 3
2020/4/25, 19, , , 9, 1, 4
2020/4/26, 20, , , 5, , 3
2020/4/27, 15, , , 11, , 4
2020/4/28, 20, , , 8, , 4
2020/4/29, 12, , , 9, , 4
2020/4/30, 18, , , 11, 1, 4
2020/5/1, 23, , , 6, , 4
2020/5/2, 17, , , 9, 3, 4
2020/5/3, 18, , , 7, , 5
2020/5/4, 28, , , 5, , 4
2020/5/5, 5, , , 7, 1, 4
2020/5/6, 20, , , 8, , 5
2020/5/7, 19, , , 6, 1, 4
2020/5/8, 20, , , 2, , 5
2020/5/9, 11, , , 5, 1, 5
2020/5/10, 14, , , 2, , 4
2020/5/11, 15, , , 6, , 2
2020/5/12, 17, , , 4, , 
2020/5/13, 24, , , 10, , 1
2020/5/14, 36, , , 9, , 1
2020/5/15, 30, , , 5, , 1
2020/5/16, 26, , , 9, 1, 1
2020/5/17, 22, , , 9, 1, 1
2020/5/18, 18, , , 5, 1, 1
2020/5/19, 24, , , 3, , 1
2020/5/20, 23, , , 9, 47, 2
2020/5/21, 40, , , 1, , 1
2020/5/22, 10, , , 3, , 1
2020/5/23, 2, , , 5, , 1
2020/5/24, 12, , , 6, , 2
2020/5/25, 11, , , 9, , 2
2020/5/26, 12, , , 4, , 2
2020/5/27, 9, , , 10, , 1
2020/5/28, 16, , , 7, , 2
2020/5/29, 22, , , 6, , 2
2020/5/30, 23, , , 3, , 2
2020/5/31, 24, , , 3, , 2
2020/6/1, 16, , , 5, , 2
2020/6/2, 10, , , 5, , 
2020/6/3, 16, , , 4, , 
2020/6/4, 8, , , 5, , 1
2020/6/5, 11, , , 8, , 2
2020/6/6, 24, , , 3, , 2
2020/6/7, 25, , , 2, , 2
2020/6/8, 4, , , 7, , 3
2020/6/9, 6, , , 5, , 2
2020/6/10, 7, , , 6, , 2
2020/6/11, 6, , , 8, , 3
2020/6/12, 15, , , 10, , 3
2020/6/13, 26, , , 8, 1, 4
2020/6/14, 25, , , 6, , 4
2020/6/15, 14, , , 4, , 4
2020/6/16, 4, , , 3, 1, 5
2020/6/17, 6, , , 3, , 6
2020/6/18, 14, , , 3, , 6
2020/6/19, 20, , , 7, , 7
2020/6/20, 25, , , 8, 1, 7
2020/6/21, 33, , , 4, 1, 7
2020/6/22, 22, , , 8, 1, 8
2020/6/23, 23, , , 13, 1, 10
2020/6/24, 38, , , 4, , 9
2020/6/25, 21, , , 5, 1, 9
2020/6/26, 13, , , 8, 1, 10
2020/6/27, 27, , , 4, , 10
2020/6/28, 11, , , 1, , 10
2020/6/29, 10, , , 2, , 10
2020/6/30, 25, , , 5, , 11
2020/7/1, 26, , , 3, 1, 11
2020/1/2, 22, , , 17, 1, 5
2020/1/3, 15, , , 30, 1, 4
2020/1/4, 29, , , 15, 1, 1
2020/1/5, 15, , , 28, 1, 2
2020/1/6, 25, , , 22, 1, 
2020/1/7, 13, , , 23, 1, 
2020/1/8, 45, , , 15, , 
2020/1/9, 42, , , 12, 1, 
2020/1/10, 24, , , 43, 1, 7
2020/1/11, 60, , , 13, 1, 1
2020/1/12, 63, , , 5, , 
2020/1/13, 23, , , 12, , 
2020/1/14, 24, , , 23, , 1
2020/1/15, 43, , , 27, , 2
2020/1/16, 54, , , 11, , 1
2020/1/17, 32, , , 15, , 2
2020/1/18, 57, , , 27, 1, 4
2020/1/19, 74, , , 37, 1, 6
2020/1/20, 79, , , 55, 1, 10
2020/1/21, 49, , , 44, 1, 6
2020/1/22, 41, , , 27, 1, 3
2020/1/23, 21, , , 43, 1, 6
2020/1/24, 40, , , 28, 1, 3
2020/1/25, 19, , , 16, 2, 2
2020/1/26, 8, , , 27, , 3
2020/1/27, 35, , , 26, 1, 4
2020/1/28, 30, , , 40, 1, 6
2020/1/29, 42, , , 33, 1, 6
2020/1/30, 33, , , 27, 1, 3
2020/1/31, 30, , , 30, 1, 5
2020/2/1, 30, , , 6, 1, 3
2020/2/2, 6, , , 23, 1, 3
2020/2/3, 14, , , 20, , 3
2020/2/4, 21, , , 29, 1, 5
2020/2/5, 34, , , 15, 2, 3
2020/2/6, 16, , , 16, 1, 4
2020/2/7, 16, , , 20, , 4
2020/2/8, 20, , , 11, , 4
2020/2/9, 25, , , 13, , 4
2020/2/10, 15, , , 16, , 4
2020/2/11, 17, , , 31, , 4
2020/2/12, 14, , , 9, , 2
2020/2/13, 32, , , 24, , 4
2020/2/14, 48, , , 23, , 3
2020/2/15, 39, , , 13, , 2
2020/2/16, 29, , , 18, , 3
2020/2/17, 15, , , 17, , 2
2020/2/18, 38, , , 20, , 3
2020/2/19, 46, , , 36, , 6
2020/2/20, 52, , , 30, , 5
2020/2/21, 31, , , 28, , 4
2020/2/22, 26, , , 18, , 3
2020/2/23, 25, , , 19, , 4
2020/2/24, 39, , , 14, 1, 3
2020/2/25, 20, , , 35, 1, 6
2020/2/26, 62, , , 17, 1, 4
2020/2/27, 22, , , 18, , 3
2020/2/28, 11, , , 24, , 4
2020/2/29, 24, , , 6, , 3
2020/3/1, 10, , , 10, , 3
2020/3/2, 12, , , 9, , 3
2020/3/3, 12, , , 10, 1, 3
2020/3/4, 19, , , 9, 1, 2
2020/3/5, 9, , , 32, 1, 4
2020/3/6, 27, , , 22, 1, 4
2020/3/7, 43, , , 5, 1, 1
2020/3/8, 20, , , 13, 1, 2
2020/3/9, 42, , , 22, 1, 2
2020/3/10, 29, , , 26, 1, 3
2020/3/11, 28, , , 12, 1, 2
2020/3/12, 14, , , 11, 1, 2
2020/3/13, 15, , , 4, , 1
2020/3/14, 11, , , 4, 4, 1
2020/3/15, 20, , , 18, 1, 3
2020/3/16, 25, , , 25, 1, 4
2020/3/17, 40, , , 12, 1, 3
2020/3/18, 35, , , 11, , 2
2020/3/19, 55, , , 7, , 2
2020/3/20, 41, , , 20, 1, 3
2020/3/21, 62, , , 21, 1, 4
2020/3/22, 35, , , 15, 1, 3
2020/3/23, 26, , , 21, 1, 5
2020/3/24, 50, , , 5, , 3
2020/3/25, 20, , , 6, 1, 3
2020/3/26, 23, , , 15, , 3
2020/3/27, 24, , , 15, , 3
2020/3/28, 18, , , 11, , 3
2020/3/29, 26, , , , , 
2019/10/2, 40, , , 25, 1, 3
2019/10/3, 42, , , 21, , 3
2019/10/4, 49, , , 17, 2, 2
2019/10/5, 21, , , 14, , 1
2019/10/6, 9, , , 11, , 1
2019/10/7, 17, , , 18, 1, 2
2019/10/8, 26, , , 4, , 1
2019/10/9, 5, , , 5, 1, 1
2019/10/10, 9, , , 23, 1, 3
2019/10/11, 36, , , 24, , 3
2019/10/12, 42, , , 22, 1, 3
2019/10/13, 48, , , 13, 2, 3
2019/10/14, 40, , , 8, , 2
2019/10/15, 28, , , 16, , 3
2019/10/16, 33, , , 18, 1, 3
2019/10/17, 19, , , 21, 1, 4
2019/10/18, 26, , , 19, 2, 4
2019/10/19, 27, , , 15, 1, 3
2019/10/20, 14, , , 13, , 3
2019/10/21, 16, , , 18, 1, 4
2019/10/22, 19, , , 16, 1, 3
2019/10/23, 24, , , 8, , 3
2019/10/24, 16, , , 17, 1, 4
2019/10/25, 21, , , 13, , 3
2019/10/26, 21, , , 2, , 3
2019/10/27, 8, , , 4, , 3
2019/10/28, 7, , , 3, , 3
2019/10/29, 2, , , 18, 1, 4
2019/10/30, 17, , , 24, 2, 4
2019/10/31, 27, , , 15, 1, 4
2019/11/1, 15, , , 18, 1, 4
2019/11/2, 21, , , 18, , 5
2019/11/3, 28, , , 4, , 4
2019/11/4, 14, , , 8, , 4
2019/11/5, 25, , , 7, , 2
2019/11/6, 12, , , 20, , 3
2019/11/7, 31, , , 35, 1, 6
2019/11/8, 46, , , 24, 1, 3
2019/11/9, 22, , , 6, , 1
2019/11/10, 24, , , 8, , 1
2019/11/11, 7, , , 30, , 4
2019/11/12, 28, , , 25, 1, 4
2019/11/13, 23, , , 22, 2, 4
2019/11/14, 21, , , 20, 1, 3
2019/11/15, 28, , , , , 
2019/12/9, 36, , , , , 
2019/12/15, 45, , , 30, 1, 4
2019/12/16, 26, , , 29, 1, 4
2019/12/17, 21, , , 29, 1, 4
2019/12/18, 20, , , 23, 1, 4
2019/12/19, 20, , , 37, 1, 7
2019/12/20, 47, , , 24, 1, 5
2019/12/21, 26, , , 22, 1, 5
2019/12/22, 51, , , 21, 1, 5
2019/12/23, 16, , , 20, , 6
2019/12/24, 40, , , 26, , 5
2019/12/25, 38, , , 31, , 6
2019/12/26, 28, , , 28, , 5
2019/12/27, 19, , , 13, , 4
2019/12/28, 6, , , 25, , 5
2019/12/29, 15, , , 25, , 6
2019/12/30, 21, , , , , 
2019/7/2, 21, , , 3, 1, 
2019/7/3, 13, , , 6, 1, 
2019/7/4, 18, , , 4, 1, 
2019/7/5, 14, , , 5, 1, 
2019/7/6, 23, , , 3, 1, 
2019/7/7, 28, , , 5, 1, 1
2019/7/8, 30, , , 2, 1, 
2019/7/9, 17, , , 5, , 1
2019/7/10, 31, , , 4, , 1
2019/7/11, 31, , , 5, , 1
2019/7/12, 34, , , 5, , 1
2019/7/13, 21, , , 5, , 1
2019/7/14, 30, , , 5, 1, 1
2019/7/15, 22, , , 6, , 1
2019/7/16, 25, , , 5, , 1
2019/7/17, 16, , , 9, , 2
2019/7/18, 15, , , 5, , 1
2019/7/19, 8, , , 5, 2, 1
2019/7/20, 6, , , 4, 1, 2
2019/7/21, 28, , , 5, , 1
2019/7/22, 25, , , 9, , 2
2019/7/23, 33, , , 8, 1, 2
2019/7/24, 35, , , 4, , 1
2019/7/25, 9, , , 3, 1, 1
2019/7/26, 13, , , 8, , 2
2019/7/27, 26, , , 8, , 2
2019/7/28, 32, , , 5, , 1
2019/7/29, 5, , , 5, 1, 2
2019/7/30, 19, , , 7, , 2
2019/7/31, 30, , , 7, 1, 2
2019/8/1, 38, , , 6, , 2
2019/8/2, 42, , , 9, , 2
2019/8/3, 35, , , 3, , 2
2019/8/4, 32, , , 6, , 2
2019/8/5, 23, , , 7, , 3
2019/8/6, 36, , , 3, , 2
2019/8/7, 18, , , 4, , 3
2019/8/8, 37, , , 5, , 2
2019/8/9, 32, , , 3, , 2
2019/8/10, 29, , , 1, , 3
2019/8/11, 18, , , 3, , 2
2019/8/12, 28, , , 3, , 1
2019/8/13, 14, , , 9, , 1
2019/8/14, 18, , , 10, 1, 2
2019/8/15, 23, , , 7, , 1
2019/8/16, 23, , , 5, , 1
2019/8/17, 10, , , 5, , 1
2019/8/18, 3, , , 4, , 1
2019/8/19, 9, , , 4, , 1
2019/8/20, 18, , , 7, , 1
2019/8/21, 32, , , 9, , 1
2019/8/22, 38, , , 7, , 1
2019/8/23, 23, , , 8, , 2
2019/8/24, 25, , , 6, , 1
2019/8/25, 16, , , 6, , 1
2019/8/26, 7, , , 6, , 1
2019/8/27, 14, , , 9, , 2
2019/8/28, 27, , , 6, , 1
2019/8/29, 21, , , 4, , 1
2019/8/30, 18, , , 8, , 2
2019/8/31, 18, , , 9, , 3
2019/9/1, 30, , , 3, , 2
2019/9/2, 30, , , 4, , 2
2019/9/3, 17, , , 9, 1, 2
2019/9/4, 28, , , 8, , 2
2019/9/5, 29, , , 7, , 2
2019/9/6, 24, , , 9, , 2
2019/9/7, 33, , , 3, , 2
2019/9/8, 30, , , 4, , 2
2019/9/9, 29, , , 3, , 1
2019/9/10, 19, , , 3, , 1
2019/9/11, 7, , , 4, , 1
2019/9/12, 15, , , 9, , 1
2019/9/13, 22, , , 3, 2, 1
2019/9/14, 8, , , , , 
2019/9/20, 19, , , 8, , 2
2019/9/21, 12, , , 8, , 2
2019/9/22, 19, , , 9, , 1
2019/9/23, 16, , , 10, , 2
2019/9/24, 12, , , 9, 1, 2
2019/9/25, 12, , , 10, 2, 1
2019/9/26, 12, , , 8, , 1
2019/9/27, 14, , , 4, , 1
2019/9/28, 14, , , 2, , 
2019/9/29, 17, , , 3, , 1
2019/9/30, 6, , , 7, , 1
2019/10/1, 15, , , 22, , 2
2019/4/2, 17, , , 9, 1, 3
2019/4/3, 27, , , 14, 3, 3
2019/4/4, 37, , , 12, , 4
2019/4/5, 33, , , 6, , 3
2019/4/6, 36, , , 12, 1, 3
2019/4/7, 21, , , 11, , 3
2019/4/8, 5, , , 11, , 3
2019/4/9, 10, , , 14, , 4
2019/4/10, 24, , , 13, , 4
2019/4/11, 27, , , 9, , 4
2019/4/12, 26, , , 6, , 4
2019/4/13, 35, , , 13, , 4
2019/4/14, 12, , , 12, , 4
2019/4/15, 8, , , 15, 1, 4
2019/4/16, 14, , , 12, 2, 4
2019/4/17, 17, , , 15, 4, 4
2019/4/18, 28, , , 12, , 4
2019/4/19, 23, , , 7, , 4
2019/4/20, 11, , , 6, , 4
2019/4/21, 14, , , 9, , 4
2019/4/22, 24, , , 26, , 3
2019/4/23, 22, , , 4, 5, 1
2019/4/24, 22, , , 10, 1, 1
2019/4/25, 19, , , 10, , 1
2019/4/26, 27, , , 6, 1, 1
2019/4/27, 27, , , 3, , 1
2019/4/28, 18, , , 4, , 1
2019/4/29, 13, , , 9, 1, 1
2019/4/30, 21, , , 13, 1, 2
2019/5/1, 15, , , 8, , 2
2019/5/2, 17, , , 5, , 1
2019/5/3, 27, , , 8, , 
2019/5/4, 19, , , 3, , 
2019/5/5, 14, , , 4, , 
2019/5/6, 20, , , 9, 1, 
2019/5/7, 35, , , 10, 1, 
2019/5/8, 29, , , 11, , 
2019/5/9, 24, , , 10, 1, 
2019/5/10, 18, , , 6, 1, 
2019/5/11, 18, , , 11, , 1
2019/5/12, 32, , , 6, 1, 
2019/5/13, 31, , , 7, 1, 
2019/5/14, 33, , , 9, 1, 1
2019/5/15, 37, , , 4, 1, 
2019/5/16, 24, , , 5, , 1
2019/5/17, 21, , , 7, , 1
2019/5/18, 21, , , 3, , 1
2019/5/19, 12, , , 6, , 
2019/5/20, 22, , , 8, , 1
2019/5/21, 22, , , 11, , 1
2019/5/22, 22, , , 9, , 1
2019/5/23, 27, , , 14, , 2
2019/5/24, 34, , , 5, 1, 1
2019/5/25, 21, , , 4, , 1
2019/5/26, 38, , , 6, 1, 1
2019/5/27, 44, , , 13, , 2
2019/5/28, 41, , , 11, 1, 2
2019/5/29, 43, , , 13, 2, 3
2019/5/30, 72, , , 7, , 3
2019/5/31, 88, , , 12, 1, 12
2019/6/1, 244, , , 11, , 3
2019/6/2, 50, , , 10, , 3
2019/6/3, 44, , , 12, , 3
2019/6/4, 42, , , 5, , 2
2019/6/5, 21, , , 9, 2, 2
2019/6/6, 29, , , 5, , 2
2019/6/7, 17, , , 2, , 2
2019/6/8, 7, , , 6, , 2
2019/6/9, 13, , , 5, , 2
2019/6/10, 7, , , 6, , 2
2019/6/11, 14, , , 9, , 2
2019/6/12, 12, , , 9, 2, 2
2019/6/13, 23, , , 9, , 
2019/6/14, 28, , , 5, , 
2019/6/15, 23, , , 4, , 
2019/6/16, 15, , , 4, , 
2019/6/17, 17, , , 7, , 
2019/6/18, 28, , , 5, , 
2019/6/19, 14, , , 5, 1, 
2019/6/20, 10, , , 3, 1, 
2019/6/21, 7, , , 5, , 
2019/6/22, 26, , , 2, 1, 
2019/6/23, 34, , , 5, 1, 
2019/6/24, 20, , , 4, 1, 
2019/6/25, 10, , , 4, 1, 
2019/6/26, 10, , , 7, 1, 
2019/6/27, 21, , , 7, 1, 
2019/6/28, 27, , , 8, 1, 
2019/6/29, 8, , , 6, , 
2019/6/30, 10, , , 5, 1, 
2019/7/1, 18, , , 6, 1, 
2019/1/2, 20, , , 20, , 5
2019/1/3, 16, , , 29, 1, 5
2019/1/4, 32, , , 17, 1, 4
2019/1/5, 30, , , 18, , 2
2019/1/6, 60, , , 18, , 3
2019/1/7, 46, , , 16, , 3
2019/1/8, 44, , , 19, , 2
2019/1/9, 25, , , 17, , 3
2019/1/10, 26, , , 28, 1, 6
2019/1/11, 64, , , 40, , 10
2019/1/12, 69, , , 25, 1, 5
2019/1/13, 34, , , 22, 1, 4
2019/1/14, 26, , , 24, 1, 5
2019/1/15, 30, , , 20, , 4
2019/1/16, 49, , , 12, , 3
2019/1/17, 46, , , 6, , 2
2019/1/18, 19, , , 17, , 3
2019/1/19, 18, , , 19, , 4
2019/1/20, 40, , , 35, , 7
2019/1/21, 35, , , 28, 2, 5
2019/1/22, 27, , , 19, , 4
2019/1/23, 14, , , 15, , 3
2019/1/24, 21, , , 29, 1, 6
2019/1/25, 32, , , 25, , 5
2019/1/26, 26, , , 25, 1, 6
2019/1/27, 23, , , 6, , 3
2019/1/28, 6, , , 12, , 4
2019/1/29, 11, , , 29, , 6
2019/1/30, 45, , , 35, , 8
2019/1/31, 45, , , 32, , 8
2019/2/1, 44, , , 5, , 4
2019/2/2, 41, , , 3, , 4
2019/2/3, 27, , , 4, , 4
2019/2/4, 14, , , 8, 4, 4
2019/2/5, 21, , , 19, , 5
2019/2/6, 50, , , 28, , 7
2019/2/7, 70, , , 33, , 8
2019/2/8, 60, , , 15, , 6
2019/2/9, 39, , , 9, , 5
2019/2/10, 27, , , 11, , 5
2019/2/11, 40, , , 18, , 6
2019/2/12, 56, , , 27, , 8
2019/2/13, 64, , , 28, , 5
2019/2/14, 57, , , 32, , 2
2019/2/15, 68, , , 19, , 1
2019/2/16, 58, , , 9, , 1
2019/2/17, 43, , , 9, , 
2019/2/18, 35, , , 29, , 2
2019/2/19, 56, , , 27, 1, 2
2019/2/20, 28, , , 12, , 1
2019/2/21, 16, , , 23, , 2
2019/2/22, 26, , , 32, , 4
2019/2/23, 35, , , 6, , 1
2019/2/24, 16, , , 20, , 1
2019/2/25, 13, , , 39, , 4
2019/2/26, 69, , , 31, , 3
2019/2/27, 48, , , 30, 1, 3
2019/2/28, 38, , , 27, 1, 3
2019/3/1, 33, , , 8, , 1
2019/3/2, 30, , , 20, 1, 3
2019/3/3, 45, , , 22, 1, 3
2019/3/4, 35, , , 27, 1, 3
2019/3/5, 38, , , 28, 1, 4
2019/3/6, 35, , , 31, , 5
2019/3/7, 58, , , 20, , 3
2019/3/8, 64, , , 27, , 4
2019/3/9, 74, , , 23, , 3
2019/3/10, 37, , , 25, , 4
2019/3/11, 34, , , 29, , 2
2019/3/12, 23, , , 10, , 1
2019/3/13, 12, , , 15, , 1
2019/3/14, 24, , , 13, 1, 1
2019/3/15, 20, , , 13, , 1
2019/3/16, 20, , , 25, 1, 3
2019/3/17, 40, , , 21, , 3
2019/3/18, 44, , , 16, 1, 2
2019/3/19, 30, , , 28, 2, 3
2019/3/20, 45, , , 26, 1, 4
2019/3/21, 45, , , 21, 1, 3
2019/3/22, 52, , , 18, 1, 3
2019/3/23, 46, , , 15, 1, 4
2019/3/24, 92, , , 4, , 2
2019/3/25, 31, , , 6, , 2
2019/3/26, 28, , , 13, , 3
2019/3/27, 34, , , 6, , 3
2019/3/28, 19, , , 10, , 2
2019/3/29, 22, , , 14, , 3
2019/3/30, 36, , , 14, , 3
2019/3/31, 23, , , 4, , 3
2019/4/1, 17, , , 4, , 3
2018/10/2, 26, , , 6, 1, 3
2018/10/3, 19, , , 13, 1, 2
2018/10/4, 27, , , 17, 1, 1
2018/10/5, 43, , , 25, 1, 2
2018/10/6, 33, , , 21, 3, 4
2018/10/7, 42, , , 14, 2, 2
2018/10/8, 30, , , 10, 1, 2
2018/10/9, 21, , , 4, 1, 1
2018/10/10, 9, , , 8, , 2
2018/10/11, 24, , , 11, 1, 2
2018/10/12, 30, , , 12, 1, 3
2018/10/13, 13, , , 4, 1, 2
2018/10/14, 8, , , 15, 1, 3
2018/10/15, 7, , , 11, 3, 2
2018/10/16, 12, , , 22, 2, 4
2018/10/17, 31, , , 20, 1, 4
2018/10/18, 33, , , 18, 2, 4
2018/10/19, 36, , , 20, 2, 4
2018/10/20, 43, , , 18, 1, 5
2018/10/21, 41, , , 17, 1, 5
2018/10/22, 38, , , 22, 1, 6
2018/10/23, 52, , , 25, 3, 6
2018/10/24, 54, , , 18, 2, 4
2018/10/25, 35, , , 22, 1, 5
2018/10/26, 34, , , 18, 1, 5
2018/10/27, 19, , , 10, 1, 4
2018/10/28, 12, , , 15, 1, 4
2018/10/29, 16, , , 18, 1, 5
2018/10/30, 19, , , 18, 1, 5
2018/10/31, 17, , , 22, 1, 5
2018/11/1, 26, , , 4, 1, 4
2018/11/2, 15, , , 7, 1, 5
2018/11/3, 36, , , 17, 1, 6
2018/11/4, 27, , , 11, 1, 5
2018/11/5, 17, , , 6, 1, 5
2018/11/6, 29, , , 14, 1, 3
2018/11/7, 53, , , 15, 1, 2
2018/11/8, 26, , , 25, 2, 3
2018/11/9, 47, , , 20, 1, 3
2018/11/10, 31, , , 14, 1, 2
2018/11/11, 22, , , 10, 1, 2
2018/11/12, 29, , , 27, 1, 5
2018/11/13, 37, , , 22, 1, 3
2018/11/14, 22, , , 17, 1, 3
2018/11/15, 34, , , 29, 1, 6
2018/11/16, 35, , , 11, 1, 2
2018/11/17, 29, , , 30, 1, 6
2018/11/18, 45, , , 17, 1, 3
2018/11/19, 15, , , 27, 2, 5
2018/11/20, 41, , , 29, 1, 4
2018/11/21, 31, , , 37, 2, 9
2018/11/22, 58, , , 38, 1, 9
2018/11/23, 49, , , 20, , 5
2018/11/24, 51, , , 19, , 5
2018/11/25, 51, , , 33, , 7
2018/11/26, 30, , , 41, 1, 11
2018/11/27, 57, , , 33, 1, 7
2018/11/28, 29, , , 29, 2, 6
2018/11/29, 18, , , 37, , 8
2018/11/30, 37, , , 28, 1, 7
2018/12/1, 38, , , 12, 1, 5
2018/12/2, 48, , , 8, 1, 5
2018/12/3, 23, , , 25, 1, 7
2018/12/4, 22, , , 32, 1, 7
2018/12/5, 26, , , 14, , 5
2018/12/6, 14, , , 38, 1, 6
2018/12/7, 38, , , 33, 1, 3
2018/12/8, 31, , , 30, 2, 2
2018/12/9, 30, , , 35, 1, 4
2018/12/10, 39, , , 19, 1, 2
2018/12/11, 8, , , 53, 1, 9
2018/12/12, 59, , , 26, 1, 4
2018/12/13, 21, , , 28, 1, 4
2018/12/14, 23, , , 24, , 4
2018/12/15, 25, , , 18, 1, 4
2018/12/16, 19, , , 22, , 5
2018/12/17, 33, , , 33, 1, 6
2018/12/18, 30, , , 31, , 4
2018/12/19, 23, , , 28, , 4
2018/12/20, 18, , , 25, 1, 4
2018/12/21, 22, , , 9, 2, 3
2018/12/22, 8, , , 14, 1, 3
2018/12/23, 10, , , 24, , 4
2018/12/24, 26, , , 22, , 5
2018/12/25, 63, , , 19, , 5
2018/12/26, 52, , , 14, , 4
2018/12/27, 70, , , 17, , 4
2018/12/28, 44, , , 28, 1, 5
2018/12/29, 23, , , 27, 1, 6
2018/12/30, 27, , , 5, , 4
2018/12/31, 13, , , , , 
2018/8/19, 127, , , 9, 2, 8
2018/8/20, 140, , , 7, 1, 6
2018/8/21, 97, , , 14, 1, 4
2018/8/22, 74, , , 13, 2, 4
2018/8/23, 100, , , 17, 2, 9
2018/8/24, 179, , , 5, 2, 8
2018/8/25, 133, , , 6, 1, 8
2018/8/26, 117, , , 7, 1, 6
2018/8/27, 114, , , 3, 1, 2
2018/8/28, 19, , , 10, , 3
2018/8/29, 33, , , 13, 1, 3
2018/8/30, 57, , , 5, 1, 2
2018/8/31, 41, , , 5, 1, 2
2018/9/1, 28, , , 5, 1, 3
2018/9/2, 43, , , 7, 1, 2
2018/9/3, 43, , , 4, 1, 2
2018/9/4, 34, , , 5, 1, 2
2018/9/5, 20, , , 9, 1, 3
2018/9/6, 35, , , 10, 1, 3
2018/9/7, 40, , , 15, 1, 3
2018/9/8, 84, , , 10, 1, 2
2018/9/9, 45, , , 4, 1, 1
2018/9/10, 22, , , 6, 1, 1
2018/9/11, 23, , , 10, 1, 2
2018/9/12, 20, , , 3, 1, 1
2018/9/13, 10, , , 4, 1, 1
2018/9/14, 18, , , 5, 1, 1
2018/9/15, 35, , , 4, , 2
2018/9/16, 18, , , 4, 1, 2
2018/9/17, 13, , , 6, 1, 2
2018/9/18, 17, , , 7, 1, 2
2018/9/19, 38, , , 7, 1, 2
2018/9/20, 37, , , 8, 1, 3
2018/9/21, 40, , , 5, 1, 2
2018/9/22, 15, , , 2, 1, 2
2018/9/23, 5, , , 4, , 2
2018/9/24, 18, , , 8, 1, 3
2018/9/25, 12, , , 9, 1, 3
2018/9/26, 7, , , 11, 1, 3
2018/9/27, 16, , , 8, 1, 3
2018/9/28, 7, , , 11, 1, 3
2018/9/29, 24, , , 3, 1, 3
2018/9/30, 9, , , 2, 1, 3
2018/10/1, 17, , , 6, 1, 3
2017/4/2, 16, , , 25, , 6
2017/4/3, 34, , , 4, , 4
2017/4/4, 11, , , 9, , 5
2017/4/5, 11, , , 18, , 5
2017/4/6, 27, , , 14, , 4
2017/4/7, 17, , , 19, , 5
2017/4/8, 20, , , 7, , 4
2017/4/9, 18, , , 4, , 4
2017/4/10, 15, , , 7, , 4
2017/4/11, 12, , , 6, , 4
2017/4/12, 22, , , 9, , 5
2017/4/13, 31, , , 12, , 5
2017/4/14, 25, , , 3, , 4
2017/4/15, 8, , , 8, , 5
2017/4/16, 13, , , 3, , 5
2017/4/17, 14, , , 6, , 3
2017/4/18, 18, , , 8, , 1
2017/4/19, 20, , , 5, , 1
2017/4/20, 40, , , 16, , 2
2017/4/21, 26, , , 5, , 1
2017/4/22, 28, , , 8, , 1
2017/4/23, 35, , , 3, , 1
2017/4/24, 15, , , 3, , 1
2017/4/25, 16, , , 6, , 1
2017/4/26, 18, , , 6, , 1
2017/4/27, 26, , , 7, , 1
2017/4/28, 27, , , 7, , 1
2017/4/29, 22, , , 8, , 1
2017/4/30, 10, , , 8, , 1
2017/5/1, 12, , , 4, , 1
2017/5/2, 9, , , 5, , 1
2017/5/3, 14, , , 13, , 2
2017/5/4, 26, , , 8, , 1
2017/5/5, 18, , , 17, , 3
2017/5/6, 42, , , 10, , 2
2017/5/7, 22, , , 1, , 2
2017/5/8, 6, , , 7, , 2
2017/5/9, 13, , , 5, , 2
2017/5/10, 19, , , 13, , 2
2017/5/11, 33, , , 12, , 3
2017/5/12, 34, , , 11, , 3
2017/5/13, 28, , , 3, , 2
2017/5/14, 7, , , 4, , 2
2017/5/15, 5, , , 8, , 2
2017/5/16, 9, , , 8, , 2
2017/5/17, 11, , , , , 2
2017/5/18, 14, , , , , 
2017/1/3, 36, , , 26, , 6
2017/1/4, 29, , , 24, , 6
2017/1/5, 26, , , 28, , 6
2017/1/6, 21, , , 14, , 5
2017/1/7, 55, , , 10, , 6
2017/1/8, 54, , , 9, , 5
2017/1/9, 27, , , 14, , 6
2017/1/10, 41, , , 21, , 6
2017/1/11, 17, , , 31, , 7
2017/1/12, 25, , , 32, , 8
2017/1/13, 42, , , 41, , 9
2017/1/14, 33, , , 36, , 9
2017/1/15, 32, , , 21, , 6
2017/1/16, 13, , , 49, , 11
2017/1/17, 48, , , 31, , 8
2017/1/18, 24, , , 38, , 11
2017/1/19, 25, , , 30, , 7
2017/1/20, 19, , , 41, , 7
2017/1/21, 42, , , 23, , 3
2017/1/22, 24, , , 9, , 2
2017/1/23, 67, , 6, 60, , 3
2017/1/24, 67, , , 29, , 5
2017/1/25, 41, , , 31, , 4
2017/1/26, 29, , , 23, , 4
2017/1/27, 27, , , 22, , 3
2017/1/28, 24, , , 11, , 2
2017/1/29, 9, , , 17, , 2
2017/1/30, 9, , , 8, , 2
2017/1/31, 6, , , 7, , 2
2017/2/1, 7, , , 11, , 3
2017/2/2, 16, , , 19, , 3
2017/2/3, 24, , , 18, , 4
2017/2/4, 43, , , 9, , 3
2017/2/5, 24, , , 9, , 3
2017/2/6, 24, , , 13, , 2
2017/2/7, 18, , , 29, , 3
2017/2/8, 45, , , 31, , 3
2017/2/9, 75, , , 41, , 4
2017/2/10, 67, , , 37, , 6
2017/2/11, 53, , , 16, , 2
2017/2/12, 12, , , 14, , 1
2017/2/13, 8, , , 32, , 4
2017/2/14, 28, , , 40, , 7
2017/2/15, 41, , , 46, , 11
2017/2/16, 56, , , 20, , 3
2017/2/17, 16, , , 22, , 3
2017/2/18, 12, , , 15, , 4
2017/2/19, 25, , , 9, , 2
2017/2/20, 41, , , 19, , 4
2017/2/21, 54, , , 15, , 3
2017/2/22, 61, , , 12, , 3
2017/2/23, 30, , , 14, , 3
2017/2/24, 42, , , 15, , 3
2017/2/25, 38, , , 8, , 3
2017/2/26, 34, , , 4, , 3
2017/2/27, 7, , , 22, , 4
2017/2/28, 33, , , 19, , 4
2017/3/1, 25, , , 24, , 4
2017/3/2, 31, , , 30, , 5
2017/3/3, 37, , , 21, , 3
2017/3/4, 22, , , 10, , 1
2017/3/5, 27, , , 6, , 1
2017/3/6, 40, , , 15, , 2
2017/3/7, 34, , , 10, , 2
2017/3/8, 24, , , 8, , 1
2017/3/9, 18, , , 10, , 2
2017/3/10, 22, , , 7, , 2
2017/3/11, 15, , , 15, , 2
2017/3/12, 26, , , 8, , 2
2017/3/13, 28, , , 31, , 4
2017/3/14, 53, , , 27, , 5
2017/3/15, 24, , , 23, , 6
2017/3/16, 38, , , 10, , 2
2017/3/17, 17, , , 18, , 3
2017/3/18, 22, , , 11, , 2
2017/3/19, 7, , , 5, , 2
2017/3/20, 6, , , 15, , 3
2017/3/21, 23, , , 7, , 2
2017/3/22, 13, , , 16, , 3
2017/3/23, 16, , , 16, , 4
2017/3/24, 28, , , 17, , 4
2017/3/25, 35, , , 9, , 3
2017/3/26, 2, , , 9, , 3
2017/3/27, 4, , , 16, , 4
2017/3/28, 16, , , 17, , 4
2017/3/29, 14, , , 19, , 4
2017/3/30, 24, , , 15, , 5
2017/3/31, 32, , , 11, , 4
2017/4/1, 29, , , 17, , 4
2016/10/2, 21, , , 10, , 1
2016/10/3, 9, , , 13, , 1
2016/10/4, 20, , , 14, , 2
2016/10/5, 31, , , 7, , 
2016/10/6, 20, , , 9, , 1
2016/10/7, 23, , , 6, , 
2016/10/8, 11, , , 4, , 
2016/10/9, 8, , , 3, , 1
2016/10/10, 4, , , , , 
2016/10/12, 25, , , 16, , 2
2016/10/13, 16, , , 28, , 4
2016/10/14, 52, , , 10, , 2
2016/10/15, 50, , , 7, , 1
2016/10/16, 29, , , 6, , 2
2016/10/17, 17, , , 10, , 2
2016/10/18, 37, , , 9, , 2
2016/10/19, 28, , , 16, , 3
2016/10/20, 24, , , 24, , 4
2016/10/21, 25, , , 26, , 4
2016/10/22, 20, , , 36, , 10
2016/10/23, 40, , , 22, , 4
2016/10/24, 27, , , 15, , 5
2016/10/25, 27, , , 10, , 
2016/10/26, 36, , , 23, , 2
2016/10/27, 37, , , 17, , 1
2016/10/28, 30, , , 11, , 
2016/10/29, 17, , , 8, , 
2016/10/30, 27, , , 11, , 
2016/10/31, 12, , , 19, , 1
2016/11/1, 28, , , 15, , 1
2016/11/2, 39, , , 23, , 2
2016/11/3, 20, , , 21, , 2
2016/11/4, 20, , , 32, , 4
2016/11/5, 43, , , 22, , 3
2016/11/6, 38, , , 17, , 2
2016/11/7, 30, , , 26, , 3
2016/11/8, 37, , , 24, , 2
2016/11/9, 32, , , 26, , 4
2016/11/10, 32, , , 16, , 1
2016/11/11, 27, , , 20, , 3
2016/11/12, 31, , , 20, , 4
2016/11/13, 28, , , 18, , 2
2016/11/14, 12, , , 16, , 2
2016/11/15, 5, , , 20, , 2
2016/11/16, 22, , , 15, , 1
2016/11/17, 28, , , 10, , 1
2016/11/18, 29, , , 5, , 1
2016/11/19, 54, , , 8, , 1
2016/11/20, 25, , , 18, , 5
2016/11/21, 46, , , 22, , 3
2016/11/22, 11, , , 13, , 3
2016/11/23, 40, , , 30, , 6
2016/11/24, 46, , , 23, , 5
2016/11/25, 21, , , 11, , 12
2016/11/26, 9, , , , , 
2016/11/29, 25, , , 24, , 2
2016/11/30, 22, , , 17, , 2
2016/12/1, 42, , , 15, , 3
2016/12/2, 22, , , 22, , 4
2016/12/3, 26, , , 10, , 2
2016/12/4, 6, , , 14, , 2
2016/12/5, 11, , , 7, , 1
2016/12/6, 9, , , 5, , 1
2016/12/7, 25, , , 14, , 2
2016/12/8, 25, , , 28, , 4
2016/12/9, 53, , , 17, , 2
2016/12/10, 50, , , 19, , 2
2016/12/11, 37, , , 12, , 2
2016/12/12, 46, , , 30, , 5
2016/12/13, 36, , , 29, , 4
2016/12/14, 23, , , 41, , 6
2016/12/15, 43, , , 18, , 3
2016/12/16, 29, , , 22, , 4
2016/12/17, 56, , , 36, , 5
2016/12/18, 40, , , 10, , 3
2016/12/19, 11, , , 11, , 3
2016/12/20, 9, , , 22, , 4
2016/12/21, 18, , , 27, , 4
2016/12/22, 36, , , 23, , 4
2016/12/23, 31, , , 15, , 4
2016/12/24, 33, , , 6, , 3
2016/12/25, 11, , , 15, , 4
2016/12/26, 25, , , 35, , 7
2016/12/27, 48, , , 19, , 4
2016/12/28, 10, , , 10, , 4
2016/12/29, 6, , , 39, , 7
2016/12/30, 37, , , 22, , 5
2016/12/31, 20, , , 28, , 7
2017/1/1, 21, , , 7, , 4
2017/1/2, 9, , , 34, , 8
2016/7/2, 21, , , 3, , 
2016/7/3, 25, , , 5, , 
2016/7/4, 24, , , 4, , 
2016/7/5, 9, , , 5, , 
2016/7/6, 10, , , 5, , 
2016/7/7, 15, , , 6, , 
2016/7/8, 29, , , 5, , 
2016/7/9, 11, , , 5, , 
2016/7/10, 32, , , 7, , 
2016/7/11, 16, , , 2, , 
2016/7/12, 14, , , 4, , 
2016/7/13, 20, , , 5, , 
2016/7/14, 14, , , 3, , 
2016/7/15, 16, , , 6, , 
2016/7/16, 13, , , 4, , 
2016/7/17, 7, , , 4, , 
2016/7/18, 23, , , 9, , 
2016/7/19, 24, , , 9, , 
2016/7/20, 13, , , 7, , 
2016/7/21, 12, , , 9, , 
2016/7/22, 13, , , 9, , 
2016/7/23, 23, , , 3, , 
2016/7/24, 20, , , 6, , 
2016/7/25, 18, , , 4, , 
2016/7/26, 14, , , 6, , 
2016/7/27, 22, , , 7, , 
2016/7/28, 26, , , 4, , 
2016/7/29, 27, , , 3, , 
2016/7/30, 17, , , 3, , 
2016/7/31, 17, , , 2, , 
2016/8/1, 12, , , 5, , 
2016/8/2, 11, , , 6, , 
2016/8/3, 19, , , 2, , 
2016/8/4, 16, , , 6, , 
2016/8/5, 20, , , 5, , 
2016/8/6, 28, , , 5, , 1
2016/8/7, 32, , , 3, , 
2016/8/8, 23, , , 4, , 
2016/8/9, 21, , , 6, , 
2016/8/10, 26, , , 6, , 
2016/8/11, 21, , , 5, , 
2016/8/12, 11, , , 4, , 
2016/8/13, 10, , , 8, , 
2016/8/14, 30, , , 4, , 
2016/8/15, 20, , , 5, , 
2016/8/16, 17, , , 9, , 
2016/8/17, 39, , , 6, , 
2016/8/18, 20, , , 5, , 
2016/8/19, 17, , , 5, , 
2016/8/20, 21, , , 6, , 1
2016/8/21, 27, , , 6, , 2
2016/8/22, 40, , , 4, , 
2016/8/23, 18, , , 1, , 
2016/8/24, 8, , , 5, , 
2016/8/25, 10, , , 5, , 1
2016/8/26, 16, , , 4, , 
2016/8/27, 11, , , 6, , 
2016/8/28, 19, , , 1, , 
2016/8/29, 7, , , 5, , 
2016/8/30, 19, , , 6, , 
2016/8/31, 32, , , 9, , 1
2016/9/1, 45, , , 16, , 1
2016/9/2, 43, , , 7, , 
2016/9/3, 8, , , 7, , 
2016/9/4, 11, , , 1, , 
2016/9/5, 10, , , 5, , 
2016/9/6, 13, , , 10, , 
2016/9/7, 11, , , 9, , 
2016/9/8, 8, , , 6, , 
2016/9/9, 6, , , 6, , 
2016/9/10, 11, , , 9, , 
2016/9/11, 10, , , 2, , 
2016/9/12, 2, , , 4, , 
2016/9/13, 8, , , 11, , 
2016/9/14, 15, , , 10, , 1
2016/9/15, 16, , , 10, , 2
2016/9/16, 27, , , 10, , 1
2016/9/17, 23, , , 9, , 
2016/9/18, 18, , , 3, , 
2016/9/19, 4, , , 9, , 
2016/9/20, 10, , , 9, , 
2016/9/21, 8, , , 9, , 
2016/9/22, 18, , , 11, , 
2016/9/23, 25, , , 6, , 
2016/9/24, 9, , , 8, , 
2016/9/25, 11, , , 9, , 
2016/9/26, 12, , , 18, , 2
2016/9/27, 32, , , 12, , 1
2016/9/28, 28, , , 9, , 
2016/9/29, 18, , , 10, , 
2016/9/30, 22, , , 14, , 1
2016/10/1, 50, , , 6, , 
2016/4/2, 13, , , 11, , 1
2016/4/3, 20, , , 3, , 1
2016/4/4, 7, , , 13, , 2
2016/4/5, 25, , , 2, , 1
2016/4/6, 4, , , 4, , 1
2016/4/7, 7, , , 10, , 2
2016/4/8, 20, , , 13, , 2
2016/4/9, 33, , , 2, , 2
2016/4/10, 8, , , 2, , 2
2016/4/11, 10, , , 11, , 2
2016/4/12, 22, , , 12, , 2
2016/4/13, 21, , , 3, , 2
2016/4/14, 15, , , 7, , 
2016/4/15, 8, , , 7, , 1
2016/4/16, 15, , , 10, , 
2016/4/17, 21, , , 13, , 1
2016/4/18, 28, , , 9, , 1
2016/4/19, 32, , , 15, , 
2016/4/20, 31, , , 9, , 
2016/4/21, 30, , , 7, , 
2016/4/22, 35, , , 4, , 
2016/4/23, 18, , , 3, , 
2016/4/24, 22, , , 1, , 
2016/4/25, 30, , , 4, , 
2016/4/26, 18, , , 7, , 
2016/4/27, 32, , , 5, , 
2016/4/28, 28, , , 3, , 
2016/4/29, 20, , , 8, , 
2016/4/30, 22, , , 7, , 
2016/5/1, 19, , , 10, , 1
2016/5/2, 28, , , 12, , 1
2016/5/3, 26, , , 9, , 
2016/5/4, 25, , , 16, , 
2016/5/5, 32, , , 4, , 
2016/5/6, 33, , , 6, , 
2016/5/7, 22, , , 10, , 
2016/5/8, 22, , , 10, , 1
2016/5/9, 22, , , 1, , 
2016/5/10, 7, , , 2, , 
2016/5/11, 12, , , 10, , 
2016/5/12, 28, , , 5, , 2
2016/5/13, 33, , , 7, , 1
2016/5/14, 42, , , 11, , 1
2016/5/15, 59, , , 11, , 1
2016/5/16, 47, , , 9, , 1
2016/5/17, 33, , , 9, , 1
2016/5/18, 19, , , 2, , 
2016/5/19, 32, , , 3, , 
2016/5/20, 10, , , 1, , 
2016/5/21, 10, , , 2, , 
2016/5/22, 16, , , 2, , 
2016/5/23, 6, , , 1, , 
2016/5/24, 17, , , 7, , 1
2016/5/25, 28, , , 8, , 
2016/5/26, 26, , , 8, , 
2016/5/27, 23, , , 7, , 
2016/5/28, 26, , , 9, , 
2016/5/29, 14, , , 8, , 
2016/5/30, 12, , , 1, , 
2016/5/31, 8, , , 4, , 
2016/6/1, 13, , , 8, , 
2016/6/2, 30, , , 9, , 
2016/6/3, 20, , , 6, , 
2016/6/4, 11, , , 5, , 
2016/6/5, 14, , , 4, , 
2016/6/6, 23, , , 5, , 
2016/6/7, 29, , , 6, , 
2016/6/8, 43, , , 5, , 
2016/6/9, 31, , , 6, , 
2016/6/10, 16, , , 3, , 
2016/6/11, 15, , , 3, , 
2016/6/12, 18, , , 4, , 
2016/6/13, 6, , , 6, , 
2016/6/14, 13, , , 6, , 
2016/6/15, 20, , , 3, , 
2016/6/16, 8, , , 5, , 
2016/6/17, 20, , , 4, , 
2016/6/18, 8, , , 10, , 1
2016/6/19, 22, , , 2, , 
2016/6/20, 15, , , 4, , 
2016/6/21, 13, , , 5, , 
2016/6/22, 15, , , 5, , 
2016/6/23, 13, , , 6, , 
2016/6/24, 15, , , 8, , 
2016/6/25, 18, , , 3, , 
2016/6/26, 12, , , 2, , 
2016/6/27, 11, , , 9, , 
2016/6/28, 25, , , 7, , 
2016/6/29, 25, , , 7, , 
2016/6/30, 26, , , 5, , 
2016/7/1, 26, , , 6, , 
2016/1/5, 43, , , 33, , 3
2016/1/6, 58, , , 21, , 1
2016/1/7, 76, , , 13, , 1
2016/1/8, 53, , , 33, , 4
2016/1/9, 78, , , 39, , 5
2016/1/10, 67, , , 21, , 
2016/1/11, 10, , , 25, , 1
2016/1/12, 30, , , 19, , 1
2016/1/13, 23, , , 26, , 3
2016/1/14, 15, , , 11, , 1
2016/1/15, 13, , , 10, , 1
2016/1/16, 46, , , 8, , 1
2016/1/17, 39, , , 13, , 1
2016/1/18, 36, , , 36, , 5
2016/1/19, 43, , , 38, , 6
2016/1/20, 39, , , 36, , 6
2016/1/21, 91, , , 43, , 8
2016/1/22, 54, , , 46, , 11
2016/1/23, 49, , , 22, , 3
2016/1/24, 38, , , 19, , 4
2016/1/25, 49, , , 32, , 6
2016/1/26, 30, , , 31, , 6
2016/1/27, 31, , , 32, , 6
2016/1/28, 27, , , 31, , 8
2016/1/29, 30, , , 19, , 4
2016/1/30, 16, , , 11, , 3
2016/1/31, 8, , , 12, , 3
2016/2/1, 13, , , 15, , 3
2016/2/2, 23, , , 19, , 4
2016/2/3, 20, , , 26, , 5
2016/2/4, 31, , , 21, , 4
2016/2/5, 17, , , 30, , 5
2016/2/6, 26, , , 5, , 3
2016/2/7, 4, , , 12, , 4
2016/2/8, 8, , , 22, , 5
2016/2/9, 19, , , 33, , 7
2016/2/10, 37, , , 19, , 5
2016/2/11, 39, , , 17, , 3
2016/2/12, 32, , , 6, , 
2016/2/13, 46, , , 15, , 
2016/2/14, 11, , , 17, , 1
2016/2/15, 12, , , 11, , 
2016/2/16, 8, , , 18, , 1
2016/2/17, 20, , , 26, , 3
2016/2/18, 31, , , 21, , 4
2016/2/19, 33, , , 8, , 
2016/2/20, 10, , , 10, , 
2016/2/21, 43, , , 9, , 
2016/2/22, 9, , , 16, , 
2016/2/23, 6, , , 17, , 
2016/2/24, 12, , , 17, , 1
2016/2/25, 23, , , 26, , 1
2016/2/26, 29, , , 22, , 1
2016/2/27, 23, , , 6, , 
2016/2/28, 7, , , 15, , 1
2016/2/29, 21, , , 8, , 
2016/3/1, 24, , , 17, , 2
2016/3/2, 25, , , 5, , 
2016/3/3, 15, , , 12, , 1
2016/3/4, 23, , , 22, , 2
2016/3/5, 25, , , 20, , 3
2016/3/6, 29, , , 17, , 2
2016/3/7, 20, , , 12, , 1
2016/3/8, 13, , , 19, , 2
2016/3/9, 19, , , 18, , 3
2016/3/10, 19, , , 10, , 
2016/3/11, 16, , , 16, , 
2016/3/12, 19, , , 14, , 
2016/3/13, 20, , , 5, , 
2016/3/14, 3, , , 13, , 
2016/3/15, 22, , , 14, , 
2016/3/16, 17, , , 5, , 
2016/3/17, 2, , , 3, , 
2016/3/18, 5, , , 11, , 
2016/3/19, 11, , , 12, , 1
2016/3/20, 23, , , 13, , 1
2016/3/21, 18, , , 7, , 
2016/3/22, 32, , , 7, , 
2016/3/23, 44, , , 12, , 1
2016/3/24, 35, , , 15, , 1
2016/3/25, 14, , , 7, , 1
2016/3/26, 27, , , 10, , 1
2016/3/27, 5, , , 16, , 1
2016/3/28, 11, , , 4, , 1
2016/3/29, 10, , , 6, , 1
2016/3/30, 8, , , 7, , 1
2016/3/31, 10, , , 5, , 1
2016/4/1, 13, , , 9, , 1
2015/10/2, 42, , , 12, , 2
2015/10/3, 39, , , 1, , 1
2015/10/4, 2, , , 2, , 1
2015/10/5, 25, , , 5, , 1
2015/10/6, 11, , , 14, , 2
2015/10/7, 37, , , 13, , 3
2015/10/8, 23, , , 16, , 3
2015/10/9, 23, , , 22, , 4
2015/10/10, 25, , , 12, , 4
2015/10/11, 28, , , 3, , 2
2015/10/12, 3, , , 12, , 2
2015/10/13, 7, , , 13, , 3
2015/10/14, 12, , , 17, , 1
2015/10/15, 18, , , 17, , 1
2015/10/16, 31, , , 19, , 1
2015/10/17, 33, , , 17, , 2
2015/10/18, 40, , , 8, , 
2015/10/19, 18, , , 16, , 2
2015/10/20, 37, , , 7, , 
2015/10/21, 15, , , 21, , 2
2015/10/22, 30, , , 11, , 1
2015/10/23, 13, , , 21, , 2
2015/10/24, 25, , , 13, , 1
2015/10/25, 28, , , 13, , 3
2015/10/26, 38, , , 13, , 1
2015/10/27, 30, , , 7, , 1
2015/10/28, 9, , , 18, , 2
2015/10/29, 27, , , 18, , 2
2015/10/30, 20, , , 24, , 3
2015/10/31, 24, , , 21, , 4
2015/11/1, 24, , , 17, , 3
2015/11/2, 16, , , 16, , 2
2015/11/3, 51, , , 13, , 2
2015/11/4, 38, , , 24, , 4
2015/11/5, 30, , , 17, , 3
2015/11/6, 15, , , 18, , 3
2015/11/7, 25, , , 23, , 5
2015/11/8, 28, , , 8, , 3
2015/11/9, 42, , , 11, , 3
2015/11/10, 36, , , 18, , 2
2015/11/11, 33, , , 11, , 
2015/11/12, 13, , , 20, , 1
2015/11/13, 14, , , 16, , 1
2015/11/14, 11, , , 9, , 
2015/11/15, 14, , , 8, , 
2015/11/16, 27, , , 7, , 
2015/11/17, 3, , , 19, , 1
2015/11/18, 12, , , 11, , 
2015/11/19, 10, , , 17, , 1
2015/11/20, 8, , , 11, , 1
2015/11/21, 10, , , 7, , 1
2015/11/22, 7, , , 10, , 2
2015/11/23, 16, , , 15, , 2
2015/11/24, 37, , , 7, , 1
2015/11/25, 10, , , 27, , 3
2015/11/26, 29, , , 28, , 3
2015/11/27, 30, , , 25, , 2
2015/11/28, 19, , , 23, , 2
2015/11/29, 23, , , 24, , 2
2015/11/30, 21, , , 35, , 5
2015/12/1, 41, , , 25, , 2
2015/12/2, 23, , , 37, , 4
2015/12/3, 42, , , 23, , 2
2015/12/4, 22, , , 26, , 2
2015/12/5, 17, , , 20, , 1
2015/12/6, 11, , , 30, , 4
2015/12/7, 35, , , 28, , 3
2015/12/8, 19, , , 23, , 2
2015/12/9, 18, , , 12, , 1
2015/12/10, 21, , , 20, , 2
2015/12/11, 30, , , 12, , 1
2015/12/12, 32, , , 8, , 1
2015/12/13, 31, , , 10, , 1
2015/12/14, 30, , , 10, , 1
2015/12/15, 22, , , 20, , 3
2015/12/16, 20, , , 19, , 3
2015/12/17, 15, , , 33, , 5
2015/12/18, 28, , , 21, , 3
2015/12/19, 60, , , 40, , 8
2015/12/20, 69, , , 44, , 10
2015/12/21, 39, , , 40, , 8
2015/12/22, 39, , , 29, , 5
2015/12/23, 33, , , 41, , 8
2015/12/24, 48, , , 17, , 3
2015/12/25, 52, , , 18, , 4
2015/12/26, 59, , , 29, , 6
2015/12/27, 46, , , 43, , 8
2015/12/28, 37, , , 15, , 3
2015/12/29, 13, , , 36, , 7
2015/12/30, 48, , , 20, , 4
2015/12/31, 12, , , , , 
2016/1/4, 62, , , 44, , 9
2015/7/2, 26, , , 4, , 
2015/7/3, 29, , , 6, , 
2015/7/4, 30, , , 7, , 
2015/7/5, 28, , , 2, , 
2015/7/6, 26, , , 1, , 
2015/7/7, 27, , , 10, , 
2015/7/8, 45, , , 7, , 1
2015/7/9, 60, , , 7, , 
2015/7/10, 48, , , 7, , 
2015/7/11, 62, , , 6, , 
2015/7/12, 56, , , 6, , 1
2015/7/13, 59, , , 3, , 
2015/7/14, 12, , , 6, , 
2015/7/15, 10, , , 8, , 
2015/7/16, 14, , , 5, , 
2015/7/17, 8, , , 2, , 
2015/7/18, 9, , , 4, , 
2015/7/19, 10, , , 3, , 
2015/7/20, 10, , , 5, , 
2015/7/21, 13, , , 5, , 
2015/7/22, 11, , , 4, , 
2015/7/23, 20, , , 9, , 
2015/7/24, 23, , , 7, , 
2015/7/25, 22, , , 6, , 
2015/7/26, 13, , , 3, , 
2015/7/27, 7, , , 4, , 
2015/7/28, 9, , , 4, , 
2015/7/29, 9, , , 6, , 
2015/7/30, 10, , , 8, , 
2015/7/31, 29, , , 8, , 
2015/8/1, 27, , , 5, , 
2015/8/2, 20, , , 3, , 
2015/8/3, 19, , , 5, , 
2015/8/4, 37, , , 4, , 
2015/8/5, 51, , , 8, , 
2015/8/6, 27, , , 7, , 
2015/8/7, 25, , , 6, , 
2015/8/8, 21, , , 7, , 
2015/8/9, 17, , , 6, , 
2015/8/10, 25, , , 9, , 
2015/8/11, 28, , , 9, , 
2015/8/12, 52, , , 13, , 3
2015/8/13, 52, , , 12, , 1
2015/8/14, 60, , , 6, , 
2015/8/15, 31, , , 1, , 
2015/8/16, 9, , , 4, , 
2015/8/17, 13, , , 6, , 
2015/8/18, 13, , , 4, , 
2015/8/19, 11, , , 6, , 
2015/8/20, 19, , , 6, , 
2015/8/21, 24, , , 3, , 
2015/8/22, 12, , , 3, , 
2015/8/23, 9, , , 7, , 
2015/8/24, 18, , , 9, , 2
2015/8/25, 88, , , 14, , 8
2015/8/26, 187, , , 9, , 4
2015/8/27, 161, , , 18, , 5
2015/8/28, 266, , , 15, , 7
2015/8/29, 150, , , 9, , 3
2015/8/30, 89, , , 5, , 
2015/8/31, 30, , , 9, , 
2015/9/1, 7, , , 10, , 1
2015/9/2, 11, , , 6, , 
2015/9/3, 16, , , 6, , 
2015/9/4, 9, , , 3, , 
2015/9/5, 6, , , 3, , 
2015/9/6, 10, , , 1, , 
2015/9/7, 4, , , 4, , 
2015/9/8, 6, , , 10, , 
2015/9/9, 17, , , 6, , 
2015/9/10, 9, , , 11, , 1
2015/9/11, 28, , , 11, , 1
2015/9/12, 20, , , 10, , 1
2015/9/13, 29, , , 2, , 
2015/9/14, 4, , , 3, , 
2015/9/15, 9, , , 4, , 
2015/9/16, 17, , , 7, , 1
2015/9/17, 8, , , 11, , 1
2015/9/18, 19, , , 14, , 2
2015/9/19, 19, , , 10, , 1
2015/9/20, 12, , , 6, , 3
2015/9/21, 9, , , 4, , 1
2015/9/22, 8, , , 5, , 1
2015/9/23, 18, , , 14, , 2
2015/9/24, 30, , , 18, , 3
2015/9/25, 34, , , 14, , 3
2015/9/26, 39, , , 8, , 1
2015/9/27, 14, , , 10, , 1
2015/9/28, 7, , , 10, , 1
2015/9/29, 14, , , 15, , 2
2015/9/30, 26, , , 13, , 3
2015/10/1, 27, , , 15, , 3
2015/4/9, 20, , , 16, , 
2015/4/10, 33, , , 13, , 
2015/4/11, 42, , , 23, , 1
2015/4/12, 29, , , 11, , 
2015/4/13, 15, , , 8, , 
2015/4/14, 35, , , 21, , 1
2015/4/15, 39, , , 18, , 1
2015/4/16, 15, , , 5, , 
2015/4/17, 19, , , 7, , 
2015/4/18, 21, , , 6, , 
2015/4/19, 12, , , 2, , 
2015/4/20, 31, , , 17, , 1
2015/4/21, 22, , , 11, , 
2015/4/22, 37, , , 13, , 1
2015/4/23, 44, , , 9, , 1
2015/4/24, 23, , , 6, , 1
2015/4/25, 26, , , 3, , 1
2015/4/26, 25, , , 1, , 1
2015/4/27, 34, , , 3, , 1
2015/4/28, 28, , , 13, , 1
2015/4/29, 21, , , 11, , 1
2015/4/30, 28, , , 10, , 1
2015/5/1, 24, , , 12, , 2
2015/5/2, 27, , , 11, , 1
2015/5/3, 16, , , 2, , 1
2015/5/4, 29, , , 5, , 1
2015/5/5, 31, , , 9, , 1
2015/5/6, 43, , , 9, , 2
2015/5/7, 119, , , 1, , 1
2015/5/8, 22, , , , , 
2015/5/9, 42, , , 4, , 
2015/5/10, 37, , , 11, , 
2015/5/11, 47, , , 10, , 
2015/5/12, 28, , , 5, , 
2015/5/13, 42, , , 15, , 1
2015/5/14, 44, , , 11, , 
2015/5/15, 46, , , 10, , 
2015/5/16, 59, , , 7, , 
2015/5/20, 19, , , 10, , 
2015/5/21, 33, , , 12, , 
2015/5/22, 26, , , 8, , 
2015/5/23, 35, , , 13, , 1
2015/5/24, 35, , , 12, , 1
2015/5/25, 44, , , 13, , 1
2015/5/26, 35, , , 9, , 1
2015/5/27, 34, , , 8, , 1
2015/5/28, 38, , , 7, , 1
2015/5/29, 60, , , 4, , 1
2015/5/30, 57, , , 6, , 1
2015/5/31, 26, , , 3, , 1
2015/6/1, 33, , , 5, , 1
2015/6/2, 32, , , 8, , 1
2015/6/3, 45, , , 5, , 1
2015/6/4, 25, 88, , 3, , 1
2015/6/5, 23, 100, , 5, , 1
2015/6/6, 24, , , 7, , 1
2015/6/7, 41, , , 8, , 2
2015/6/8, 46, , , 6, , 2
2015/6/9, 39, , , 10, , 2
2015/6/10, 27, , , 5, , 1
2015/6/11, 33, , , 6, , 1
2015/6/12, 44, , , 10, , 2
2015/6/13, 34, , , 5, , 1
2015/6/14, 22, , , 6, , 2
2015/6/15, 24, , , 2, , 1
2015/6/16, 35, , , 4, , 2
2015/6/17, 34, , , 8, , 
2015/6/18, 29, , , 5, , 
2015/6/19, 32, , , 4, , 
2015/6/20, 16, , , 6, , 
2015/6/21, 12, , , 2, , 
2015/6/22, 15, , , 5, , 
2015/6/23, 22, , , 7, , 1
2015/6/24, 20, , , 6, , 
2015/6/25, 20, , , 7, , 
2015/6/26, 33, , , 11, , 
2015/6/27, 33, , , 8, , 
2015/6/28, 41, , , 6, , 
2015/6/29, 34, , , 6, , 
2015/6/30, 29, , , 10, , 
2015/7/1, 60, , , 6, , 
2015/1/2, 22, , , 17, , 5
2015/1/3, 33, , , 14, , 5
2015/1/4, 19, , , 14, , 4
2015/1/5, 30, , , 20, , 6
2015/1/6, 34, , , 23, , 4
2015/1/7, 33, , , 19, , 1
2015/1/8, 31, , , 17, , 1
2015/1/9, 16, , , 34, , 3
2015/1/10, 33, , , 25, , 1
2015/1/11, 45, , , 31, , 3
2015/1/12, 70, , , 32, , 3
2015/1/13, 42, , , 20, , 1
2015/1/14, 14, , , 13, , 2
2015/1/15, 14, , , 15, , 1
2015/1/16, 14, , , 12, , 1
2015/1/17, 13, , , 13, , 1
2015/1/18, 14, , , 22, , 3
2015/1/19, 19, , , 12, , 2
2015/1/20, 15, , , 22, , 3
2015/1/21, 21, , , 25, , 4
2015/1/22, 25, , , 10, , 2
2015/1/23, 9, , , 19, , 3
2015/1/24, 22, , , 9, , 2
2015/1/25, 12, , , 16, , 4
2015/1/26, 16, , , 34, , 8
2015/1/27, 44, , , 34, , 9
2015/1/28, 49, , , 18, , 4
2015/1/29, 61, , , 37, , 9
2015/1/30, 66, , , 24, , 4
2015/1/31, 42, , , 14, , 3
2015/2/1, 30, , , 21, , 8
2015/2/2, 38, , , 19, , 3
2015/2/3, 59, , , 24, , 2
2015/2/4, 54, , , 29, , 3
2015/2/5, 40, , , 23, , 2
2015/2/6, 46, , , 26, , 2
2015/2/7, 51, , , 46, , 7
2015/2/8, 66, , , 22, , 2
2015/2/9, 58, , , 25, , 2
2015/2/10, 65, , , 25, , 3
2015/2/11, 81, , , 17, , 2
2015/2/12, 89, , , 22, , 4
2015/2/13, 48, , , 23, , 4
2015/2/14, 23, , , 11, , 2
2015/2/15, 38, , , 15, , 3
2015/2/16, 24, , , 10, , 2
2015/2/17, 21, , , 21, , 3
2015/2/18, 53, , , 24, , 5
2015/2/19, 45, , , 16, , 3
2015/2/20, 18, , , 11, , 2
2015/2/21, 24, , , 13, , 2
2015/2/22, 19, , , 16, , 3
2015/2/23, 27, , , 17, , 3
2015/2/24, 22, , , 12, , 3
2015/2/25, 22, , , 13, , 3
2015/2/26, 21, , , 10, , 2
2015/2/27, 25, , , 13, , 3
2015/2/28, 43, , , 14, , 3
2015/3/1, 32, , , 18, , 4
2015/3/2, 33, , , 9, , 3
2015/3/3, 18, , , 17, , 4
2015/3/4, 28, , , 24, , 6
2015/3/5, 36, , , 18, , 4
2015/3/6, 20, , , 19, , 4
2015/3/7, 21, , , 18, , 4
2015/3/8, 28, , , 14, , 4
2015/3/9, 15, , , 15, , 4
2015/3/10, 21, , , 21, , 5
2015/3/11, 39, , , 20, , 7
2015/3/12, 49, , , 19, , 6
2015/3/13, 25, , , 17, , 5
2015/3/14, 27, , , 6, , 4
2015/3/15, 21, , , 7, , 4
2015/3/16, 20, , , 11, , 5
2015/3/17, 36, , , 17, , 5
2015/3/18, 34, , , 17, , 5
2015/3/19, 38, , , 25, , 7
2015/3/20, 37, , , 17, , 6
2015/3/21, 57, , , 11, , 5
2015/3/22, 35, , , 8, , 5
2015/3/23, 24, , , 15, , 6
2015/3/24, 51, , , 14, , 6
2015/3/25, 53, , , 17, , 7
2015/3/26, 43, , , 14, , 6
2015/3/27, 16, , , 17, , 7
2015/3/28, 26, , , 14, , 6
2015/3/29, 29, , , 10, , 6
2015/3/30, 13, , , 14, , 6
2015/3/31, 19, , , , , 
2014/10/2, 19, , , 9, , 
2014/10/3, 13, , , 18, , 
2014/10/4, 23, , , 10, , 
2014/10/5, 13, , , 13, , 
2014/10/6, 19, , , 26, , 1
2014/10/7, 39, , , 23, , 2
2014/10/8, 41, , , 19, , 
2014/10/9, 41, , , 20, , 
2014/10/10, 44, , , 20, , 
2014/10/11, 32, , , 13, , 
2014/10/12, 23, , , , , 
2014/10/17, 59, , , 23, , 
2014/10/18, 18, , , 23, , 
2014/10/19, 28, , , 26, , 
2014/10/20, 21, , , 24, , 1
2014/10/21, 32, , , 20, , 
2014/10/22, 26, , , 28, , 2
2014/10/23, 40, , , 17, , 
2014/10/24, 22, , , 22, , 1
2014/10/25, 25, , , 19, , 
2014/10/26, 28, , , 11, , 
2014/10/27, 23, , , 13, , 
2014/10/28, 17, , , 27, , 2
2014/10/29, 47, , , 26, , 3
2014/10/30, 34, , , 12, , 
2014/10/31, 44, , , 19, , 4
2014/11/1, 35, , , 17, , 
2014/11/2, 27, , , 14, , 
2014/11/3, 26, , , 19, , 
2014/11/4, 23, , , 19, , 1
2014/11/5, 28, , , 24, , 
2014/11/6, 31, , , 22, , 2
2014/11/7, 33, , , 12, , 
2014/11/8, 24, , , 18, , 1
2014/11/9, 38, , , 15, , 
2014/11/10, 23, , , 15, , 
2014/11/11, 36, , , 17, , 
2014/11/12, 24, , , 27, , 1
2014/11/13, 50, , , 35, , 3
2014/11/14, 57, , , 23, , 1
2014/11/15, 54, , , 23, , 1
2014/11/16, 28, , , 20, , 1
2014/11/17, 32, , , 24, , 1
2014/11/18, 26, , , 25, , 2
2014/11/19, 33, , , 28, , 2
2014/11/20, 58, , , 20, , 1
2014/11/21, 32, , , 18, , 1
2014/11/22, 17, , , 14, , 1
2014/11/23, 20, , , 16, , 1
2014/11/24, 23, , , 29, , 2
2014/11/25, 29, , , 17, , 3
2014/11/26, 24, , , 17, , 4
2014/11/27, 70, , , 15, , 4
2014/11/28, 33, , , 12, , 4
2014/11/29, 28, , , 18, , 5
2014/11/30, 23, , , 27, , 5
2014/12/1, 29, , , 25, , 5
2014/12/2, 16, , , 30, , 6
2014/12/3, 31, , , 34, , 7
2014/12/4, 32, , , 30, , 4
2014/12/5, 29, , , 32, , 3
2014/12/6, 64, , , 27, , 3
2014/12/7, 44, , , 27, , 5
2014/12/8, 27, , , 33, , 6
2014/12/9, 35, , , 34, , 6
2014/12/10, 26, , , 19, , 1
2014/12/11, 18, , , 17, , 1
2014/12/12, 22, , , 23, , 2
2014/12/13, 28, , , 10, , 2
2014/12/14, 24, , , 18, , 3
2014/12/15, 25, , , 19, , 3
2014/12/16, 38, , , 14, , 1
2014/12/17, 59, , , 26, , 5
2014/12/18, 42, , , 28, , 5
2014/12/19, 35, , , 25, , 6
2014/12/20, 24, , , 20, , 3
2014/12/21, 19, , , 22, , 5
2014/12/22, 23, , , 31, , 7
2014/12/23, 34, , , 29, , 6
2014/12/24, 30, , , 19, , 4
2014/12/25, 14, , , 11, , 3
2014/12/26, 29, , , 19, , 4
2014/12/27, 14, , , 28, , 6
2014/12/28, 26, , , 10, , 4
2014/12/29, 35, , , , , 
2014/7/29, 38, , , , , 
2014/8/9, 45, , , 11, , 1
2014/8/10, 36, , , 13, , 1
2014/8/11, 43, , , , , 
2014/8/13, 57, , , 13, , 2
2014/8/14, 54, , , , , 
2014/8/16, 47, , , 14, , 1
2014/8/17, 35, , , 5, , 2
2014/8/18, 58, , , 18, , 2
2014/8/19, 70, , , 16, , 2
2014/8/20, 70, , , 10, , 1
2014/8/21, 37, , , 11, , 2
2014/8/22, 39, , , 13, , 2
2014/8/23, 39, , , 10, , 1
2014/8/24, 36, , , 8, , 1
2014/8/25, 37, , , 13, , 2
2014/8/26, 37, , , 13, , 2
2014/8/27, 54, , , 12, , 1
2014/8/28, 37, , , 10, , 1
2014/8/29, 23, , , 12, , 1
2014/8/30, 23, , , 6, , 1
2014/8/31, 20, , , 9, , 1
2014/9/1, 27, , , 10, , 1
2014/9/2, 19, , , 13, , 1
2014/9/3, 23, , , 9, , 1
2014/9/4, 24, , , 12, , 1
2014/9/5, 23, , , 11, , 2
2014/9/6, 27, , , 10, , 1
2014/9/7, 31, , , 8, , 1
2014/9/8, 33, , , 7, , 1
2014/9/9, 14, , , 12, , 2
2014/9/10, 20, , , 13, , 2
2014/9/11, 17, , , 13, , 2
2014/9/12, 19, , , 14, , 2
2014/9/13, 23, , , 10, , 2
2014/9/14, 24, , , 12, , 2
2014/9/15, 26, , , 16, , 2
2014/9/16, 28, , , 20, , 3
2014/9/17, 31, , , 22, , 3
2014/9/18, 44, , , 18, , 3
2014/9/19, 56, , , 14, , 2
2014/9/20, 44, , , 13, , 2
2014/9/21, 21, , , 10, , 2
2014/9/22, 33, , , 16, , 3
2014/9/23, 47, , , 20, , 3
2014/9/24, 57, , , 14, , 3
2014/9/25, 35, , , 21, , 3
2014/9/26, 39, , , 16, , 3
2014/9/27, 56, , , 11, , 
2014/9/28, 35, , , 4, , 
2014/9/29, 26, , , 13, , 3
2014/9/30, 23, , , 11, , 
2014/10/1, 20, , , 13, , 1
2020/4/1, , , , 3, , 2
2020/1/1, , , , 17, , 6
2019/12/8, , , , 18, , 3
2019/12/14, , , , 34, 1, 6
2019/9/19, , , , 9, 1, 2
2019/1/1, , , , 20, 1, 5
2018/8/18, , , , 8, 3, 8
2016/10/11, , , , 10, , 1
2016/11/28, , , , 27, , 7
2016/1/3, , , , 42, , 9
2015/4/8, , , , 8, , 
2015/5/17, , , , 5, , 
2015/5/18, , , , 2, , 
2015/5/19, , , , 5, , 
2015/1/1, , , , 21, , 6
2014/10/16, , , , 7, , 4
2014/7/28, , , , 7, , 1
2014/8/8, , , , 13, , 1
2014/8/12, , , , 15, , 2
2014/8/15, , , , 14, , 2
2019/9/18, , , , , 1, 
2018/8/15, , , , , 2, 
2018/8/16, , , , , 2, 
2018/8/17, , , , , 2, 